origin_device,origin_date,follower_device,follower_date,lag_days,origin_final_tier,follower_final_tier,origin_score,follower_score,pair_score,follower_role,follower_raw_axes_present,follower_csv_axes_present,support_class
USER_ORIGIN_MINI1,2025-08-09,USER_DEVICE_MINI2,2025-08-09,0,B_RAW_WINDOW_SUPPORT,B_RAW_WINDOW_SUPPORT,422.374,417.028,522.621,USER_CLUSTER_SUPPORT,9,9,RAW_AND_CSV_RESULT_SUPPORT
USER_ORIGIN_MINI1,2025-08-07,USER_DEVICE_MINI2,2025-08-09,2,B_RAW_WINDOW_SUPPORT,B_RAW_WINDOW_SUPPORT,418.6,417.028,521.678,USER_CLUSTER_SUPPORT,9,9,RAW_AND_CSV_RESULT_SUPPORT
USER_ORIGIN_MINI1,2025-08-08,USER_DEVICE_MINI2,2025-08-09,1,B_RAW_WINDOW_SUPPORT,B_RAW_WINDOW_SUPPORT,407.029,417.028,518.785,USER_CLUSTER_SUPPORT,9,9,RAW_AND_CSV_RESULT_SUPPORT
USER_ORIGIN_MINI1,2025-08-04,USER_DEVICE_12G,2025-08-07,3,A_CROSS_CORE_0804,B_RAW_WINDOW_SUPPORT,420.684,412.029,517.2,USER_CLUSTER_SUPPORT,9,9,RAW_AND_CSV_RESULT_SUPPORT
USER_ORIGIN_MINI1,2025-08-07,USER_DEVICE_12G,2025-08-07,0,B_RAW_WINDOW_SUPPORT,B_RAW_WINDOW_SUPPORT,418.6,412.029,516.679,USER_CLUSTER_SUPPORT,9,9,RAW_AND_CSV_RESULT_SUPPORT
USER_ORIGIN_MINI1,2025-08-05,USER_DEVICE_12G,2025-08-07,2,B_RAW_WINDOW_SUPPORT,B_RAW_WINDOW_SUPPORT,410.032,412.029,514.537,USER_CLUSTER_SUPPORT,9,9,RAW_AND_CSV_RESULT_SUPPORT
USER_ORIGIN_MINI1,2025-08-09,USER_DEVICE_MINI2,2025-08-10,1,B_RAW_WINDOW_SUPPORT,B_RAW_WINDOW_SUPPORT,422.374,400.169,505.762,USER_CLUSTER_SUPPORT,9,9,RAW_AND_CSV_RESULT_SUPPORT
USER_ORIGIN_MINI1,2025-08-10,USER_DEVICE_MINI2,2025-08-10,0,B_RAW_WINDOW_SUPPORT,B_RAW_WINDOW_SUPPORT,419.215,400.169,504.973,USER_CLUSTER_SUPPORT,9,9,RAW_AND_CSV_RESULT_SUPPORT
USER_ORIGIN_MINI1,2025-08-07,USER_DEVICE_MINI2,2025-08-10,3,B_RAW_WINDOW_SUPPORT,B_RAW_WINDOW_SUPPORT,418.6,400.169,504.819,USER_CLUSTER_SUPPORT,9,9,RAW_AND_CSV_RESULT_SUPPORT
USER_ORIGIN_MINI1,2025-08-09,USER_DEVICE_12G,2025-08-09,0,B_RAW_WINDOW_SUPPORT,B_RAW_WINDOW_SUPPORT,422.374,397.565,503.159,USER_CLUSTER_SUPPORT,9,9,RAW_AND_CSV_RESULT_SUPPORT
USER_ORIGIN_MINI1,2025-08-09,EXT_UNCERTAIN_B,2025-08-10,1,B_RAW_WINDOW_SUPPORT,B_RAW_WINDOW_SUPPORT,422.374,384.965,502.558,EXTERNAL_CRITICAL_UNCERTAIN_CONTACT,9,9,RAW_AND_CSV_RESULT_SUPPORT
USER_ORIGIN_MINI1,2025-08-09,USER_BRIDGE_15G,2025-08-09,0,B_RAW_WINDOW_SUPPORT,B_RAW_WINDOW_SUPPORT,422.374,386.747,502.341,BRIDGE_TO_LATER_JOKER,9,9,RAW_AND_CSV_RESULT_SUPPORT
USER_ORIGIN_MINI1,2025-08-07,USER_DEVICE_12G,2025-08-09,2,B_RAW_WINDOW_SUPPORT,B_RAW_WINDOW_SUPPORT,418.6,397.565,502.215,USER_CLUSTER_SUPPORT,9,9,RAW_AND_CSV_RESULT_SUPPORT
USER_ORIGIN_MINI1,2025-08-08,USER_DEVICE_MINI2,2025-08-10,2,B_RAW_WINDOW_SUPPORT,B_RAW_WINDOW_SUPPORT,407.029,400.169,501.926,USER_CLUSTER_SUPPORT,9,9,RAW_AND_CSV_RESULT_SUPPORT
USER_ORIGIN_MINI1,2025-08-10,EXT_UNCERTAIN_B,2025-08-10,0,B_RAW_WINDOW_SUPPORT,B_RAW_WINDOW_SUPPORT,419.215,384.965,501.769,EXTERNAL_CRITICAL_UNCERTAIN_CONTACT,9,9,RAW_AND_CSV_RESULT_SUPPORT
USER_ORIGIN_MINI1,2025-08-07,EXT_UNCERTAIN_B,2025-08-10,3,B_RAW_WINDOW_SUPPORT,B_RAW_WINDOW_SUPPORT,418.6,384.965,501.615,EXTERNAL_CRITICAL_UNCERTAIN_CONTACT,9,9,RAW_AND_CSV_RESULT_SUPPORT
USER_ORIGIN_MINI1,2025-08-07,USER_BRIDGE_15G,2025-08-09,2,B_RAW_WINDOW_SUPPORT,B_RAW_WINDOW_SUPPORT,418.6,386.747,501.397,BRIDGE_TO_LATER_JOKER,9,9,RAW_AND_CSV_RESULT_SUPPORT
USER_ORIGIN_MINI1,2025-08-04,USER_DEVICE_12G,2025-08-04,0,A_CROSS_CORE_0804,A_CROSS_CORE_0804,420.684,387.293,500.464,USER_CLUSTER_SUPPORT,9,9,RAW_AND_CSV_RESULT_SUPPORT
USER_ORIGIN_MINI1,2025-08-02,USER_DEVICE_12G,2025-08-04,2,B_RAW_WINDOW_SUPPORT,A_CROSS_CORE_0804,420.325,387.293,500.374,USER_CLUSTER_SUPPORT,9,9,RAW_AND_CSV_RESULT_SUPPORT
USER_ORIGIN_MINI1,2025-08-08,USER_DEVICE_12G,2025-08-09,1,B_RAW_WINDOW_SUPPORT,B_RAW_WINDOW_SUPPORT,407.029,397.565,499.322,USER_CLUSTER_SUPPORT,9,9,RAW_AND_CSV_RESULT_SUPPORT
USER_ORIGIN_MINI1,2025-08-08,EXT_UNCERTAIN_B,2025-08-10,2,B_RAW_WINDOW_SUPPORT,B_RAW_WINDOW_SUPPORT,407.029,384.965,498.722,EXTERNAL_CRITICAL_UNCERTAIN_CONTACT,9,9,RAW_AND_CSV_RESULT_SUPPORT
USER_ORIGIN_MINI1,2025-08-08,USER_BRIDGE_15G,2025-08-09,1,B_RAW_WINDOW_SUPPORT,B_RAW_WINDOW_SUPPORT,407.029,386.747,498.504,BRIDGE_TO_LATER_JOKER,9,9,RAW_AND_CSV_RESULT_SUPPORT
USER_ORIGIN_MINI1,2025-08-06,USER_DEVICE_MINI2,2025-08-09,3,B_RAW_WINDOW_SUPPORT,B_RAW_WINDOW_SUPPORT,317.748,417.028,496.465,USER_CLUSTER_SUPPORT,9,9,RAW_AND_CSV_RESULT_SUPPORT
USER_ORIGIN_MINI1,2025-08-04,USER_BRIDGE_15G,2025-08-07,3,A_CROSS_CORE_0804,B_RAW_WINDOW_SUPPORT,420.684,380.66,495.831,BRIDGE_TO_LATER_JOKER,9,9,RAW_AND_CSV_RESULT_SUPPORT
USER_ORIGIN_MINI1,2025-08-03,USER_DEVICE_12G,2025-08-04,1,B_RAW_WINDOW_SUPPORT,A_CROSS_CORE_0804,400.553,387.293,495.431,USER_CLUSTER_SUPPORT,9,9,RAW_AND_CSV_RESULT_SUPPORT
USER_ORIGIN_MINI1,2025-08-01,USER_DEVICE_12G,2025-08-04,3,B_RAW_WINDOW_SUPPORT,A_CROSS_CORE_0804,400.317,387.293,495.372,USER_CLUSTER_SUPPORT,9,9,RAW_AND_CSV_RESULT_SUPPORT
USER_ORIGIN_MINI1,2025-08-07,USER_BRIDGE_15G,2025-08-07,0,B_RAW_WINDOW_SUPPORT,B_RAW_WINDOW_SUPPORT,418.6,380.66,495.31,BRIDGE_TO_LATER_JOKER,9,9,RAW_AND_CSV_RESULT_SUPPORT
USER_ORIGIN_MINI1,2025-08-05,USER_BRIDGE_15G,2025-08-07,2,B_RAW_WINDOW_SUPPORT,B_RAW_WINDOW_SUPPORT,410.032,380.66,493.168,BRIDGE_TO_LATER_JOKER,9,9,RAW_AND_CSV_RESULT_SUPPORT
USER_ORIGIN_MINI1,2025-08-09,EXT_CONTACT_D,2025-08-09,0,B_RAW_WINDOW_SUPPORT,B_RAW_WINDOW_SUPPORT,422.374,386.68,492.274,EXTERNAL_CONTACT_KNOWN,9,9,RAW_AND_CSV_RESULT_SUPPORT
USER_ORIGIN_MINI1,2025-08-06,USER_DEVICE_12G,2025-08-07,1,B_RAW_WINDOW_SUPPORT,B_RAW_WINDOW_SUPPORT,317.748,412.029,491.466,USER_CLUSTER_SUPPORT,9,9,RAW_AND_CSV_RESULT_SUPPORT
USER_ORIGIN_MINI1,2025-08-07,EXT_CONTACT_D,2025-08-09,2,B_RAW_WINDOW_SUPPORT,B_RAW_WINDOW_SUPPORT,418.6,386.68,491.33,EXTERNAL_CONTACT_KNOWN,9,9,RAW_AND_CSV_RESULT_SUPPORT
USER_ORIGIN_MINI1,2025-08-08,EXT_CONTACT_D,2025-08-09,1,B_RAW_WINDOW_SUPPORT,B_RAW_WINDOW_SUPPORT,407.029,386.68,488.437,EXTERNAL_CONTACT_KNOWN,9,9,RAW_AND_CSV_RESULT_SUPPORT
USER_ORIGIN_MINI1,2025-08-02,USER_DEVICE_12G,2025-08-02,0,B_RAW_WINDOW_SUPPORT,B_RAW_WINDOW_SUPPORT,420.325,382.365,487.446,USER_CLUSTER_SUPPORT,9,9,RAW_AND_CSV_RESULT_SUPPORT
USER_ORIGIN_MINI1,2025-08-01,USER_DEVICE_12G,2025-08-02,1,B_RAW_WINDOW_SUPPORT,B_RAW_WINDOW_SUPPORT,400.317,382.365,482.444,USER_CLUSTER_SUPPORT,9,9,RAW_AND_CSV_RESULT_SUPPORT
USER_ORIGIN_MINI1,2025-08-07,USER_DEVICE_12G,2025-08-08,1,B_RAW_WINDOW_SUPPORT,B_RAW_WINDOW_SUPPORT,418.6,375.814,480.464,USER_CLUSTER_SUPPORT,9,9,RAW_AND_CSV_RESULT_SUPPORT
USER_ORIGIN_MINI1,2025-08-04,EXT_CONTACT_E_12PROMAX,2025-08-05,1,A_CROSS_CORE_0804,B_RAW_WINDOW_SUPPORT,420.684,373.683,478.854,EXTERNAL_CONTACT_KNOWN,9,9,RAW_AND_CSV_RESULT_SUPPORT
USER_ORIGIN_MINI1,2025-08-02,EXT_CONTACT_E_12PROMAX,2025-08-05,3,B_RAW_WINDOW_SUPPORT,B_RAW_WINDOW_SUPPORT,420.325,373.683,478.764,EXTERNAL_CONTACT_KNOWN,9,9,RAW_AND_CSV_RESULT_SUPPORT
USER_ORIGIN_MINI1,2025-08-05,USER_DEVICE_12G,2025-08-08,3,B_RAW_WINDOW_SUPPORT,B_RAW_WINDOW_SUPPORT,410.032,375.814,478.322,USER_CLUSTER_SUPPORT,9,9,RAW_AND_CSV_RESULT_SUPPORT
USER_ORIGIN_MINI1,2025-08-08,USER_DEVICE_12G,2025-08-08,0,B_RAW_WINDOW_SUPPORT,B_RAW_WINDOW_SUPPORT,407.029,375.814,477.571,USER_CLUSTER_SUPPORT,9,9,RAW_AND_CSV_RESULT_SUPPORT
USER_ORIGIN_MINI1,2025-08-06,USER_DEVICE_12G,2025-08-09,3,B_RAW_WINDOW_SUPPORT,B_RAW_WINDOW_SUPPORT,317.748,397.565,477.002,USER_CLUSTER_SUPPORT,9,9,RAW_AND_CSV_RESULT_SUPPORT
USER_ORIGIN_MINI1,2025-08-05,EXT_CONTACT_E_12PROMAX,2025-08-05,0,B_RAW_WINDOW_SUPPORT,B_RAW_WINDOW_SUPPORT,410.032,373.683,476.191,EXTERNAL_CONTACT_KNOWN,9,9,RAW_AND_CSV_RESULT_SUPPORT
USER_ORIGIN_MINI1,2025-08-06,USER_BRIDGE_15G,2025-08-09,3,B_RAW_WINDOW_SUPPORT,B_RAW_WINDOW_SUPPORT,317.748,386.747,476.184,BRIDGE_TO_LATER_JOKER,9,9,RAW_AND_CSV_RESULT_SUPPORT
USER_ORIGIN_MINI1,2025-08-04,USER_DEVICE_12G,2025-08-06,2,A_CROSS_CORE_0804,B_RAW_WINDOW_SUPPORT,420.684,370.59,475.761,USER_CLUSTER_SUPPORT,9,9,RAW_AND_CSV_RESULT_SUPPORT
USER_ORIGIN_MINI1,2025-08-04,EXT_CONTACT_E_12PROMAX,2025-08-04,0,A_CROSS_CORE_0804,A_CROSS_CORE_0804,420.684,362.449,475.62,EXTERNAL_CONTACT_KNOWN,9,9,RAW_AND_CSV_RESULT_SUPPORT
USER_ORIGIN_MINI1,2025-08-02,EXT_CONTACT_E_12PROMAX,2025-08-04,2,B_RAW_WINDOW_SUPPORT,A_CROSS_CORE_0804,420.325,362.449,475.53,EXTERNAL_CONTACT_KNOWN,9,9,RAW_AND_CSV_RESULT_SUPPORT
USER_ORIGIN_MINI1,2025-08-04,EXT_UNCERTAIN_B,2025-08-04,0,A_CROSS_CORE_0804,A_CROSS_CORE_0804,420.684,349.627,474.798,EXTERNAL_CRITICAL_UNCERTAIN_CONTACT,9,9,RAW_AND_CSV_RESULT_SUPPORT
USER_ORIGIN_MINI1,2025-08-02,EXT_UNCERTAIN_B,2025-08-04,2,B_RAW_WINDOW_SUPPORT,A_CROSS_CORE_0804,420.325,349.627,474.708,EXTERNAL_CRITICAL_UNCERTAIN_CONTACT,9,9,RAW_AND_CSV_RESULT_SUPPORT
USER_ORIGIN_MINI1,2025-08-04,USER_DEVICE_11PRO,2025-08-04,0,A_CROSS_CORE_0804,A_CROSS_CORE_0804,420.684,361.325,474.496,USER_CLUSTER_SUPPORT,9,9,RAW_AND_CSV_RESULT_SUPPORT
USER_ORIGIN_MINI1,2025-08-02,USER_DEVICE_11PRO,2025-08-04,2,B_RAW_WINDOW_SUPPORT,A_CROSS_CORE_0804,420.325,361.325,474.406,USER_CLUSTER_SUPPORT,9,9,RAW_AND_CSV_RESULT_SUPPORT
USER_ORIGIN_MINI1,2025-08-07,USER_DEVICE_MINI2,2025-08-08,1,B_RAW_WINDOW_SUPPORT,B_RAW_WINDOW_SUPPORT,418.6,369.692,474.342,USER_CLUSTER_SUPPORT,9,9,RAW_AND_CSV_RESULT_SUPPORT
USER_ORIGIN_MINI1,2025-08-09,USER_DEVICE_11PRO,2025-08-09,0,B_RAW_WINDOW_SUPPORT,B_RAW_WINDOW_SUPPORT,422.374,368.503,474.096,USER_CLUSTER_SUPPORT,9,9,RAW_AND_CSV_RESULT_SUPPORT
USER_ORIGIN_MINI1,2025-08-09,EXT_UNCERTAIN_B,2025-08-09,0,B_RAW_WINDOW_SUPPORT,B_RAW_WINDOW_SUPPORT,422.374,356.474,474.067,EXTERNAL_CRITICAL_UNCERTAIN_CONTACT,9,9,RAW_AND_CSV_RESULT_SUPPORT
USER_ORIGIN_MINI1,2025-08-03,EXT_CONTACT_E_12PROMAX,2025-08-05,2,B_RAW_WINDOW_SUPPORT,B_RAW_WINDOW_SUPPORT,400.553,373.683,473.821,EXTERNAL_CONTACT_KNOWN,9,9,RAW_AND_CSV_RESULT_SUPPORT
USER_ORIGIN_MINI1,2025-08-07,USER_DEVICE_11PRO,2025-08-09,2,B_RAW_WINDOW_SUPPORT,B_RAW_WINDOW_SUPPORT,418.6,368.503,473.153,USER_CLUSTER_SUPPORT,9,9,RAW_AND_CSV_RESULT_SUPPORT
USER_ORIGIN_MINI1,2025-08-07,EXT_UNCERTAIN_B,2025-08-09,2,B_RAW_WINDOW_SUPPORT,B_RAW_WINDOW_SUPPORT,418.6,356.474,473.124,EXTERNAL_CRITICAL_UNCERTAIN_CONTACT,9,9,RAW_AND_CSV_RESULT_SUPPORT
USER_ORIGIN_MINI1,2025-08-05,USER_DEVICE_12G,2025-08-06,1,B_RAW_WINDOW_SUPPORT,B_RAW_WINDOW_SUPPORT,410.032,370.59,473.098,USER_CLUSTER_SUPPORT,9,9,RAW_AND_CSV_RESULT_SUPPORT
USER_ORIGIN_MINI1,2025-08-04,EXT_CONTACT_E_12PROMAX,2025-08-07,3,A_CROSS_CORE_0804,B_RAW_WINDOW_SUPPORT,420.684,367.847,473.018,EXTERNAL_CONTACT_KNOWN,9,9,RAW_AND_CSV_RESULT_SUPPORT
USER_ORIGIN_MINI1,2025-08-07,EXT_CONTACT_E_12PROMAX,2025-08-07,0,B_RAW_WINDOW_SUPPORT,B_RAW_WINDOW_SUPPORT,418.6,367.847,472.497,EXTERNAL_CONTACT_KNOWN,9,9,RAW_AND_CSV_RESULT_SUPPORT
USER_ORIGIN_MINI1,2025-08-05,USER_DEVICE_MINI2,2025-08-08,3,B_RAW_WINDOW_SUPPORT,B_RAW_WINDOW_SUPPORT,410.032,369.692,472.2,USER_CLUSTER_SUPPORT,9,9,RAW_AND_CSV_RESULT_SUPPORT
USER_ORIGIN_MINI1,2025-08-08,USER_DEVICE_MINI2,2025-08-08,0,B_RAW_WINDOW_SUPPORT,B_RAW_WINDOW_SUPPORT,407.029,369.692,471.449,USER_CLUSTER_SUPPORT,9,9,RAW_AND_CSV_RESULT_SUPPORT
USER_ORIGIN_MINI1,2025-08-03,USER_DEVICE_12G,2025-08-06,3,B_RAW_WINDOW_SUPPORT,B_RAW_WINDOW_SUPPORT,400.553,370.59,470.728,USER_CLUSTER_SUPPORT,9,9,RAW_AND_CSV_RESULT_SUPPORT
USER_ORIGIN_MINI1,2025-08-03,EXT_CONTACT_E_12PROMAX,2025-08-04,1,B_RAW_WINDOW_SUPPORT,A_CROSS_CORE_0804,400.553,362.449,470.587,EXTERNAL_CONTACT_KNOWN,9,9,RAW_AND_CSV_RESULT_SUPPORT
USER_ORIGIN_MINI1,2025-08-01,EXT_CONTACT_E_12PROMAX,2025-08-04,3,B_RAW_WINDOW_SUPPORT,A_CROSS_CORE_0804,400.317,362.449,470.528,EXTERNAL_CONTACT_KNOWN,9,9,RAW_AND_CSV_RESULT_SUPPORT
USER_ORIGIN_MINI1,2025-08-05,EXT_CONTACT_E_12PROMAX,2025-08-07,2,B_RAW_WINDOW_SUPPORT,B_RAW_WINDOW_SUPPORT,410.032,367.847,470.355,EXTERNAL_CONTACT_KNOWN,9,9,RAW_AND_CSV_RESULT_SUPPORT
USER_ORIGIN_MINI1,2025-08-08,USER_DEVICE_11PRO,2025-08-09,1,B_RAW_WINDOW_SUPPORT,B_RAW_WINDOW_SUPPORT,407.029,368.503,470.26,USER_CLUSTER_SUPPORT,9,9,RAW_AND_CSV_RESULT_SUPPORT
USER_ORIGIN_MINI1,2025-08-08,EXT_UNCERTAIN_B,2025-08-09,1,B_RAW_WINDOW_SUPPORT,B_RAW_WINDOW_SUPPORT,407.029,356.474,470.231,EXTERNAL_CRITICAL_UNCERTAIN_CONTACT,9,9,RAW_AND_CSV_RESULT_SUPPORT
USER_ORIGIN_MINI1,2025-08-06,USER_BRIDGE_15G,2025-08-07,1,B_RAW_WINDOW_SUPPORT,B_RAW_WINDOW_SUPPORT,317.748,380.66,470.097,BRIDGE_TO_LATER_JOKER,9,9,RAW_AND_CSV_RESULT_SUPPORT
USER_ORIGIN_MINI1,2025-08-04,EXT_CONTACT_E_12PROMAX,2025-08-06,2,A_CROSS_CORE_0804,B_RAW_WINDOW_SUPPORT,420.684,364.742,469.913,EXTERNAL_CONTACT_KNOWN,9,9,RAW_AND_CSV_RESULT_SUPPORT
USER_ORIGIN_MINI1,2025-08-03,EXT_UNCERTAIN_B,2025-08-04,1,B_RAW_WINDOW_SUPPORT,A_CROSS_CORE_0804,400.553,349.627,469.765,EXTERNAL_CRITICAL_UNCERTAIN_CONTACT,9,9,RAW_AND_CSV_RESULT_SUPPORT
USER_ORIGIN_MINI1,2025-08-01,EXT_UNCERTAIN_B,2025-08-04,3,B_RAW_WINDOW_SUPPORT,A_CROSS_CORE_0804,400.317,349.627,469.706,EXTERNAL_CRITICAL_UNCERTAIN_CONTACT,9,9,RAW_AND_CSV_RESULT_SUPPORT
USER_ORIGIN_MINI1,2025-08-03,USER_DEVICE_11PRO,2025-08-04,1,B_RAW_WINDOW_SUPPORT,A_CROSS_CORE_0804,400.553,361.325,469.463,USER_CLUSTER_SUPPORT,9,9,RAW_AND_CSV_RESULT_SUPPORT
USER_ORIGIN_MINI1,2025-08-01,USER_DEVICE_11PRO,2025-08-04,3,B_RAW_WINDOW_SUPPORT,A_CROSS_CORE_0804,400.317,361.325,469.404,USER_CLUSTER_SUPPORT,9,9,RAW_AND_CSV_RESULT_SUPPORT
USER_ORIGIN_MINI1,2025-08-04,EXT_UNCERTAIN_B,2025-08-06,2,A_CROSS_CORE_0804,B_RAW_WINDOW_SUPPORT,420.684,351.181,468.352,EXTERNAL_CRITICAL_UNCERTAIN_CONTACT,9,9,RAW_AND_CSV_RESULT_SUPPORT
USER_ORIGIN_MINI1,2025-08-01,USER_DEVICE_12G,2025-08-01,0,B_RAW_WINDOW_SUPPORT,B_RAW_WINDOW_SUPPORT,400.317,367.982,468.061,USER_CLUSTER_SUPPORT,9,9,RAW_AND_CSV_RESULT_SUPPORT
USER_ORIGIN_MINI1,2025-08-04,USER_DEVICE_11PRO,2025-08-06,2,A_CROSS_CORE_0804,B_RAW_WINDOW_SUPPORT,420.684,362.241,467.412,USER_CLUSTER_SUPPORT,9,9,RAW_AND_CSV_RESULT_SUPPORT
USER_ORIGIN_MINI1,2025-08-05,EXT_CONTACT_E_12PROMAX,2025-08-06,1,B_RAW_WINDOW_SUPPORT,B_RAW_WINDOW_SUPPORT,410.032,364.742,467.25,EXTERNAL_CONTACT_KNOWN,9,9,RAW_AND_CSV_RESULT_SUPPORT
USER_ORIGIN_MINI1,2025-08-09,EXT_CONTACT_D,2025-08-10,1,B_RAW_WINDOW_SUPPORT,B_RAW_WINDOW_SUPPORT,422.374,361.275,466.868,EXTERNAL_CONTACT_KNOWN,9,9,RAW_AND_CSV_RESULT_SUPPORT
USER_ORIGIN_MINI1,2025-08-06,EXT_CONTACT_D,2025-08-09,3,B_RAW_WINDOW_SUPPORT,B_RAW_WINDOW_SUPPORT,317.748,386.68,466.117,EXTERNAL_CONTACT_KNOWN,9,9,RAW_AND_CSV_RESULT_SUPPORT
USER_ORIGIN_MINI1,2025-08-10,EXT_CONTACT_D,2025-08-10,0,B_RAW_WINDOW_SUPPORT,B_RAW_WINDOW_SUPPORT,419.215,361.275,466.079,EXTERNAL_CONTACT_KNOWN,9,9,RAW_AND_CSV_RESULT_SUPPORT
USER_ORIGIN_MINI1,2025-08-07,EXT_CONTACT_D,2025-08-10,3,B_RAW_WINDOW_SUPPORT,B_RAW_WINDOW_SUPPORT,418.6,361.275,465.925,EXTERNAL_CONTACT_KNOWN,9,9,RAW_AND_CSV_RESULT_SUPPORT
USER_ORIGIN_MINI1,2025-08-04,EXT_UNCERTAIN_B,2025-08-07,3,A_CROSS_CORE_0804,B_RAW_WINDOW_SUPPORT,420.684,348.546,465.717,EXTERNAL_CRITICAL_UNCERTAIN_CONTACT,9,9,RAW_AND_CSV_RESULT_SUPPORT
USER_ORIGIN_MINI1,2025-08-05,EXT_UNCERTAIN_B,2025-08-06,1,B_RAW_WINDOW_SUPPORT,B_RAW_WINDOW_SUPPORT,410.032,351.181,465.689,EXTERNAL_CRITICAL_UNCERTAIN_CONTACT,9,9,RAW_AND_CSV_RESULT_SUPPORT
USER_ORIGIN_MINI1,2025-08-07,EXT_UNCERTAIN_B,2025-08-07,0,B_RAW_WINDOW_SUPPORT,B_RAW_WINDOW_SUPPORT,418.6,348.546,465.196,EXTERNAL_CRITICAL_UNCERTAIN_CONTACT,9,9,RAW_AND_CSV_RESULT_SUPPORT
USER_ORIGIN_MINI1,2025-08-09,USER_BRIDGE_15G,2025-08-10,1,B_RAW_WINDOW_SUPPORT,B_RAW_WINDOW_SUPPORT,422.374,349.477,465.07,BRIDGE_TO_LATER_JOKER,9,9,RAW_AND_CSV_RESULT_SUPPORT
USER_ORIGIN_MINI1,2025-08-03,EXT_CONTACT_E_12PROMAX,2025-08-06,3,B_RAW_WINDOW_SUPPORT,B_RAW_WINDOW_SUPPORT,400.553,364.742,464.88,EXTERNAL_CONTACT_KNOWN,9,9,RAW_AND_CSV_RESULT_SUPPORT
USER_ORIGIN_MINI1,2025-08-05,USER_DEVICE_11PRO,2025-08-06,1,B_RAW_WINDOW_SUPPORT,B_RAW_WINDOW_SUPPORT,410.032,362.241,464.749,USER_CLUSTER_SUPPORT,9,9,RAW_AND_CSV_RESULT_SUPPORT
USER_ORIGIN_MINI1,2025-08-10,USER_BRIDGE_15G,2025-08-10,0,B_RAW_WINDOW_SUPPORT,B_RAW_WINDOW_SUPPORT,419.215,349.477,464.281,BRIDGE_TO_LATER_JOKER,9,9,RAW_AND_CSV_RESULT_SUPPORT
USER_ORIGIN_MINI1,2025-08-07,USER_BRIDGE_15G,2025-08-10,3,B_RAW_WINDOW_SUPPORT,B_RAW_WINDOW_SUPPORT,418.6,349.477,464.127,BRIDGE_TO_LATER_JOKER,9,9,RAW_AND_CSV_RESULT_SUPPORT
USER_ORIGIN_MINI1,2025-08-02,USER_DEVICE_12G,2025-08-03,1,B_RAW_WINDOW_SUPPORT,B_RAW_WINDOW_SUPPORT,420.325,358.603,463.684,USER_CLUSTER_SUPPORT,9,9,RAW_AND_CSV_RESULT_SUPPORT
USER_ORIGIN_MINI1,2025-08-03,EXT_UNCERTAIN_B,2025-08-06,3,B_RAW_WINDOW_SUPPORT,B_RAW_WINDOW_SUPPORT,400.553,351.181,463.319,EXTERNAL_CRITICAL_UNCERTAIN_CONTACT,9,9,RAW_AND_CSV_RESULT_SUPPORT
USER_ORIGIN_MINI1,2025-08-05,EXT_UNCERTAIN_B,2025-08-07,2,B_RAW_WINDOW_SUPPORT,B_RAW_WINDOW_SUPPORT,410.032,348.546,463.054,EXTERNAL_CRITICAL_UNCERTAIN_CONTACT,9,9,RAW_AND_CSV_RESULT_SUPPORT
USER_ORIGIN_MINI1,2025-08-08,EXT_CONTACT_D,2025-08-10,2,B_RAW_WINDOW_SUPPORT,B_RAW_WINDOW_SUPPORT,407.029,361.275,463.032,EXTERNAL_CONTACT_KNOWN,9,9,RAW_AND_CSV_RESULT_SUPPORT
USER_ORIGIN_MINI1,2025-08-03,USER_DEVICE_11PRO,2025-08-06,3,B_RAW_WINDOW_SUPPORT,B_RAW_WINDOW_SUPPORT,400.553,362.241,462.379,USER_CLUSTER_SUPPORT,9,9,RAW_AND_CSV_RESULT_SUPPORT
USER_ORIGIN_MINI1,2025-08-08,USER_BRIDGE_15G,2025-08-10,2,B_RAW_WINDOW_SUPPORT,B_RAW_WINDOW_SUPPORT,407.029,349.477,461.234,BRIDGE_TO_LATER_JOKER,9,9,RAW_AND_CSV_RESULT_SUPPORT
USER_ORIGIN_MINI1,2025-08-04,EXT_NO_CONTACT_A,2025-08-04,0,A_CROSS_CORE_0804,A_RAW_CORE_0804_NO_CSV_ECHO,420.684,334.67,459.841,EXTERNAL_CRITICAL_NO_DIRECT_CONTACT,9,0,RAW_ONLY
USER_ORIGIN_MINI1,2025-08-02,EXT_NO_CONTACT_A,2025-08-04,2,B_RAW_WINDOW_SUPPORT,A_RAW_CORE_0804_NO_CSV_ECHO,420.325,334.67,459.751,EXTERNAL_CRITICAL_NO_DIRECT_CONTACT,9,0,RAW_ONLY
USER_ORIGIN_MINI1,2025-08-03,USER_DEVICE_12G,2025-08-03,0,B_RAW_WINDOW_SUPPORT,B_RAW_WINDOW_SUPPORT,400.553,358.603,458.741,USER_CLUSTER_SUPPORT,9,9,RAW_AND_CSV_RESULT_SUPPORT
USER_ORIGIN_MINI1,2025-08-01,USER_DEVICE_12G,2025-08-03,2,B_RAW_WINDOW_SUPPORT,B_RAW_WINDOW_SUPPORT,400.317,358.603,458.682,USER_CLUSTER_SUPPORT,9,9,RAW_AND_CSV_RESULT_SUPPORT
USER_ORIGIN_MINI1,2025-08-07,EXT_UNCERTAIN_B,2025-08-08,1,B_RAW_WINDOW_SUPPORT,B_RAW_WINDOW_SUPPORT,418.6,340.032,456.682,EXTERNAL_CRITICAL_UNCERTAIN_CONTACT,9,9,RAW_AND_CSV_RESULT_SUPPORT
USER_ORIGIN_MINI1,2025-08-04,USER_BRIDGE_15G,2025-08-05,1,A_CROSS_CORE_0804,B_RAW_WINDOW_SUPPORT,420.684,340.813,455.984,BRIDGE_TO_LATER_JOKER,9,9,RAW_AND_CSV_RESULT_SUPPORT
USER_ORIGIN_MINI1,2025-08-02,USER_BRIDGE_15G,2025-08-05,3,B_RAW_WINDOW_SUPPORT,B_RAW_WINDOW_SUPPORT,420.325,340.813,455.894,BRIDGE_TO_LATER_JOKER,9,9,RAW_AND_CSV_RESULT_SUPPORT
USER_ORIGIN_MINI1,2025-08-06,USER_DEVICE_12G,2025-08-08,2,B_RAW_WINDOW_SUPPORT,B_RAW_WINDOW_SUPPORT,317.748,375.814,455.251,USER_CLUSTER_SUPPORT,9,9,RAW_AND_CSV_RESULT_SUPPORT
USER_ORIGIN_MINI1,2025-08-03,EXT_NO_CONTACT_A,2025-08-04,1,B_RAW_WINDOW_SUPPORT,A_RAW_CORE_0804_NO_CSV_ECHO,400.553,334.67,454.808,EXTERNAL_CRITICAL_NO_DIRECT_CONTACT,9,0,RAW_ONLY
USER_ORIGIN_MINI1,2025-08-01,EXT_NO_CONTACT_A,2025-08-04,3,B_RAW_WINDOW_SUPPORT,A_RAW_CORE_0804_NO_CSV_ECHO,400.317,334.67,454.749,EXTERNAL_CRITICAL_NO_DIRECT_CONTACT,9,0,RAW_ONLY
USER_ORIGIN_MINI1,2025-08-05,EXT_UNCERTAIN_B,2025-08-08,3,B_RAW_WINDOW_SUPPORT,B_RAW_WINDOW_SUPPORT,410.032,340.032,454.54,EXTERNAL_CRITICAL_UNCERTAIN_CONTACT,9,9,RAW_AND_CSV_RESULT_SUPPORT
USER_ORIGIN_MINI1,2025-08-08,EXT_UNCERTAIN_B,2025-08-08,0,B_RAW_WINDOW_SUPPORT,B_RAW_WINDOW_SUPPORT,407.029,340.032,453.789,EXTERNAL_CRITICAL_UNCERTAIN_CONTACT,9,9,RAW_AND_CSV_RESULT_SUPPORT
USER_ORIGIN_MINI1,2025-08-05,USER_BRIDGE_15G,2025-08-05,0,B_RAW_WINDOW_SUPPORT,B_RAW_WINDOW_SUPPORT,410.032,340.813,453.321,BRIDGE_TO_LATER_JOKER,9,9,RAW_AND_CSV_RESULT_SUPPORT
USER_ORIGIN_MINI1,2025-08-01,USER_DEVICE_11PRO,2025-08-01,0,B_RAW_WINDOW_SUPPORT,B_RAW_WINDOW_SUPPORT,400.317,351.89,451.969,USER_CLUSTER_SUPPORT,9,9,RAW_AND_CSV_RESULT_SUPPORT
USER_ORIGIN_MINI1,2025-08-02,USER_DEVICE_MINI2,2025-08-03,1,B_RAW_WINDOW_SUPPORT,B_RAW_WINDOW_SUPPORT,420.325,346.537,451.618,USER_CLUSTER_SUPPORT,9,9,RAW_AND_CSV_RESULT_SUPPORT
USER_ORIGIN_MINI1,2025-08-07,EXT_CONTACT_E_12PROMAX,2025-08-08,1,B_RAW_WINDOW_SUPPORT,B_RAW_WINDOW_SUPPORT,418.6,346.939,451.589,EXTERNAL_CONTACT_KNOWN,9,9,RAW_AND_CSV_RESULT_SUPPORT
USER_ORIGIN_MINI1,2025-08-03,USER_BRIDGE_15G,2025-08-05,2,B_RAW_WINDOW_SUPPORT,B_RAW_WINDOW_SUPPORT,400.553,340.813,450.951,BRIDGE_TO_LATER_JOKER,9,9,RAW_AND_CSV_RESULT_SUPPORT
USER_ORIGIN_MINI1,2025-08-04,EXT_CONTACT_D,2025-08-04,0,A_CROSS_CORE_0804,A_CROSS_CORE_0804,420.684,336.894,450.065,EXTERNAL_CONTACT_KNOWN,9,9,RAW_AND_CSV_RESULT_SUPPORT
USER_ORIGIN_MINI1,2025-08-06,USER_DEVICE_12G,2025-08-06,0,B_RAW_WINDOW_SUPPORT,B_RAW_WINDOW_SUPPORT,317.748,370.59,450.027,USER_CLUSTER_SUPPORT,9,9,RAW_AND_CSV_RESULT_SUPPORT
USER_ORIGIN_MINI1,2025-08-02,EXT_CONTACT_D,2025-08-04,2,B_RAW_WINDOW_SUPPORT,A_CROSS_CORE_0804,420.325,336.894,449.975,EXTERNAL_CONTACT_KNOWN,9,9,RAW_AND_CSV_RESULT_SUPPORT
USER_ORIGIN_MINI1,2025-08-05,EXT_CONTACT_E_12PROMAX,2025-08-08,3,B_RAW_WINDOW_SUPPORT,B_RAW_WINDOW_SUPPORT,410.032,346.939,449.447,EXTERNAL_CONTACT_KNOWN,9,9,RAW_AND_CSV_RESULT_SUPPORT
USER_ORIGIN_MINI1,2025-08-06,USER_DEVICE_MINI2,2025-08-08,2,B_RAW_WINDOW_SUPPORT,B_RAW_WINDOW_SUPPORT,317.748,369.692,449.129,USER_CLUSTER_SUPPORT,9,9,RAW_AND_CSV_RESULT_SUPPORT
USER_ORIGIN_MINI1,2025-08-08,EXT_CONTACT_E_12PROMAX,2025-08-08,0,B_RAW_WINDOW_SUPPORT,B_RAW_WINDOW_SUPPORT,407.029,346.939,448.696,EXTERNAL_CONTACT_KNOWN,9,9,RAW_AND_CSV_RESULT_SUPPORT
USER_ORIGIN_MINI1,2025-08-04,EXT_REMOTE_GEO_C,2025-08-04,0,A_CROSS_CORE_0804,A_CROSS_CORE_0804,420.684,323.084,448.255,EXTERNAL_GEO_SEPARATED,9,9,RAW_AND_CSV_RESULT_SUPPORT
USER_ORIGIN_MINI1,2025-08-02,EXT_REMOTE_GEO_C,2025-08-04,2,B_RAW_WINDOW_SUPPORT,A_CROSS_CORE_0804,420.325,323.084,448.165,EXTERNAL_GEO_SEPARATED,9,9,RAW_AND_CSV_RESULT_SUPPORT
USER_ORIGIN_MINI1,2025-08-06,USER_DEVICE_11PRO,2025-08-09,3,B_RAW_WINDOW_SUPPORT,B_RAW_WINDOW_SUPPORT,317.748,368.503,447.94,USER_CLUSTER_SUPPORT,9,9,RAW_AND_CSV_RESULT_SUPPORT
USER_ORIGIN_MINI1,2025-08-06,EXT_UNCERTAIN_B,2025-08-09,3,B_RAW_WINDOW_SUPPORT,B_RAW_WINDOW_SUPPORT,317.748,356.474,447.911,EXTERNAL_CRITICAL_UNCERTAIN_CONTACT,9,9,RAW_AND_CSV_RESULT_SUPPORT
USER_ORIGIN_MINI1,2025-08-02,EXT_CONTACT_E_12PROMAX,2025-08-02,0,B_RAW_WINDOW_SUPPORT,B_RAW_WINDOW_SUPPORT,420.325,342.353,447.434,EXTERNAL_CONTACT_KNOWN,9,9,RAW_AND_CSV_RESULT_SUPPORT
USER_ORIGIN_MINI1,2025-08-06,EXT_CONTACT_E_12PROMAX,2025-08-07,1,B_RAW_WINDOW_SUPPORT,B_RAW_WINDOW_SUPPORT,317.748,367.847,447.284,EXTERNAL_CONTACT_KNOWN,9,9,RAW_AND_CSV_RESULT_SUPPORT
USER_ORIGIN_MINI1,2025-08-03,USER_DEVICE_MINI2,2025-08-03,0,B_RAW_WINDOW_SUPPORT,B_RAW_WINDOW_SUPPORT,400.553,346.537,446.675,USER_CLUSTER_SUPPORT,9,9,RAW_AND_CSV_RESULT_SUPPORT
USER_ORIGIN_MINI1,2025-08-01,USER_DEVICE_MINI2,2025-08-03,2,B_RAW_WINDOW_SUPPORT,B_RAW_WINDOW_SUPPORT,400.317,346.537,446.616,USER_CLUSTER_SUPPORT,9,9,RAW_AND_CSV_RESULT_SUPPORT
USER_ORIGIN_MINI1,2025-08-02,EXT_UNCERTAIN_B,2025-08-02,0,B_RAW_WINDOW_SUPPORT,B_RAW_WINDOW_SUPPORT,420.325,329.185,446.266,EXTERNAL_CRITICAL_UNCERTAIN_CONTACT,9,9,RAW_AND_CSV_RESULT_SUPPORT
USER_ORIGIN_MINI1,2025-08-09,EXT_CONTACT_E_12PROMAX,2025-08-10,1,B_RAW_WINDOW_SUPPORT,B_RAW_WINDOW_SUPPORT,422.374,340.362,445.956,EXTERNAL_CONTACT_KNOWN,9,9,RAW_AND_CSV_RESULT_SUPPORT
USER_ORIGIN_MINI1,2025-08-10,EXT_CONTACT_E_12PROMAX,2025-08-10,0,B_RAW_WINDOW_SUPPORT,B_RAW_WINDOW_SUPPORT,419.215,340.362,445.166,EXTERNAL_CONTACT_KNOWN,9,9,RAW_AND_CSV_RESULT_SUPPORT
USER_ORIGIN_MINI1,2025-08-03,EXT_CONTACT_D,2025-08-04,1,B_RAW_WINDOW_SUPPORT,A_CROSS_CORE_0804,400.553,336.894,445.032,EXTERNAL_CONTACT_KNOWN,9,9,RAW_AND_CSV_RESULT_SUPPORT
USER_ORIGIN_MINI1,2025-08-07,EXT_CONTACT_E_12PROMAX,2025-08-10,3,B_RAW_WINDOW_SUPPORT,B_RAW_WINDOW_SUPPORT,418.6,340.362,445.012,EXTERNAL_CONTACT_KNOWN,9,9,RAW_AND_CSV_RESULT_SUPPORT
USER_ORIGIN_MINI1,2025-08-01,EXT_CONTACT_D,2025-08-04,3,B_RAW_WINDOW_SUPPORT,A_CROSS_CORE_0804,400.317,336.894,444.973,EXTERNAL_CONTACT_KNOWN,9,9,RAW_AND_CSV_RESULT_SUPPORT
USER_ORIGIN_MINI1,2025-08-06,EXT_CONTACT_E_12PROMAX,2025-08-06,0,B_RAW_WINDOW_SUPPORT,B_RAW_WINDOW_SUPPORT,317.748,364.742,444.179,EXTERNAL_CONTACT_KNOWN,9,9,RAW_AND_CSV_RESULT_SUPPORT
USER_ORIGIN_MINI1,2025-08-04,EXT_CONTACT_D,2025-08-05,1,A_CROSS_CORE_0804,B_RAW_WINDOW_SUPPORT,420.684,338.25,443.421,EXTERNAL_CONTACT_KNOWN,9,9,RAW_AND_CSV_RESULT_SUPPORT
USER_ORIGIN_MINI1,2025-08-02,EXT_CONTACT_D,2025-08-05,3,B_RAW_WINDOW_SUPPORT,B_RAW_WINDOW_SUPPORT,420.325,338.25,443.331,EXTERNAL_CONTACT_KNOWN,9,9,RAW_AND_CSV_RESULT_SUPPORT
USER_ORIGIN_MINI1,2025-08-03,EXT_REMOTE_GEO_C,2025-08-04,1,B_RAW_WINDOW_SUPPORT,A_CROSS_CORE_0804,400.553,323.084,443.222,EXTERNAL_GEO_SEPARATED,9,9,RAW_AND_CSV_RESULT_SUPPORT
USER_ORIGIN_MINI1,2025-08-01,EXT_REMOTE_GEO_C,2025-08-04,3,B_RAW_WINDOW_SUPPORT,A_CROSS_CORE_0804,400.317,323.084,443.163,EXTERNAL_GEO_SEPARATED,9,9,RAW_AND_CSV_RESULT_SUPPORT
USER_ORIGIN_MINI1,2025-08-09,USER_DEVICE_11PRO,2025-08-10,1,B_RAW_WINDOW_SUPPORT,B_RAW_WINDOW_SUPPORT,422.374,337.095,442.689,USER_CLUSTER_SUPPORT,9,9,RAW_AND_CSV_RESULT_SUPPORT
USER_ORIGIN_MINI1,2025-08-06,EXT_UNCERTAIN_B,2025-08-06,0,B_RAW_WINDOW_SUPPORT,B_RAW_WINDOW_SUPPORT,317.748,351.181,442.618,EXTERNAL_CRITICAL_UNCERTAIN_CONTACT,9,9,RAW_AND_CSV_RESULT_SUPPORT
USER_ORIGIN_MINI1,2025-08-01,EXT_CONTACT_E_12PROMAX,2025-08-02,1,B_RAW_WINDOW_SUPPORT,B_RAW_WINDOW_SUPPORT,400.317,342.353,442.432,EXTERNAL_CONTACT_KNOWN,9,9,RAW_AND_CSV_RESULT_SUPPORT
USER_ORIGIN_MINI1,2025-08-08,EXT_CONTACT_E_12PROMAX,2025-08-10,2,B_RAW_WINDOW_SUPPORT,B_RAW_WINDOW_SUPPORT,407.029,340.362,442.119,EXTERNAL_CONTACT_KNOWN,9,9,RAW_AND_CSV_RESULT_SUPPORT
USER_ORIGIN_MINI1,2025-08-04,EXT_REMOTE_GEO_C,2025-08-07,3,A_CROSS_CORE_0804,B_RAW_WINDOW_SUPPORT,420.684,324.866,442.037,EXTERNAL_GEO_SEPARATED,9,9,RAW_AND_CSV_RESULT_SUPPORT
USER_ORIGIN_MINI1,2025-08-10,USER_DEVICE_11PRO,2025-08-10,0,B_RAW_WINDOW_SUPPORT,B_RAW_WINDOW_SUPPORT,419.215,337.095,441.899,USER_CLUSTER_SUPPORT,9,9,RAW_AND_CSV_RESULT_SUPPORT
USER_ORIGIN_MINI1,2025-08-07,USER_DEVICE_11PRO,2025-08-10,3,B_RAW_WINDOW_SUPPORT,B_RAW_WINDOW_SUPPORT,418.6,337.095,441.745,USER_CLUSTER_SUPPORT,9,9,RAW_AND_CSV_RESULT_SUPPORT
USER_ORIGIN_MINI1,2025-08-06,USER_DEVICE_11PRO,2025-08-06,0,B_RAW_WINDOW_SUPPORT,B_RAW_WINDOW_SUPPORT,317.748,362.241,441.678,USER_CLUSTER_SUPPORT,9,9,RAW_AND_CSV_RESULT_SUPPORT
USER_ORIGIN_MINI1,2025-08-07,EXT_REMOTE_GEO_C,2025-08-07,0,B_RAW_WINDOW_SUPPORT,B_RAW_WINDOW_SUPPORT,418.6,324.866,441.516,EXTERNAL_GEO_SEPARATED,9,9,RAW_AND_CSV_RESULT_SUPPORT
USER_ORIGIN_MINI1,2025-08-01,EXT_UNCERTAIN_B,2025-08-02,1,B_RAW_WINDOW_SUPPORT,B_RAW_WINDOW_SUPPORT,400.317,329.185,441.264,EXTERNAL_CRITICAL_UNCERTAIN_CONTACT,9,9,RAW_AND_CSV_RESULT_SUPPORT
USER_ORIGIN_MINI1,2025-08-05,EXT_CONTACT_D,2025-08-05,0,B_RAW_WINDOW_SUPPORT,B_RAW_WINDOW_SUPPORT,410.032,338.25,440.758,EXTERNAL_CONTACT_KNOWN,9,9,RAW_AND_CSV_RESULT_SUPPORT
USER_ORIGIN_MINI1,2025-08-06,EXT_UNCERTAIN_B,2025-08-07,1,B_RAW_WINDOW_SUPPORT,B_RAW_WINDOW_SUPPORT,317.748,348.546,439.983,EXTERNAL_CRITICAL_UNCERTAIN_CONTACT,9,9,RAW_AND_CSV_RESULT_SUPPORT
USER_ORIGIN_MINI1,2025-08-07,EXT_REMOTE_GEO_C,2025-08-08,1,B_RAW_WINDOW_SUPPORT,B_RAW_WINDOW_SUPPORT,418.6,323.269,439.919,EXTERNAL_GEO_SEPARATED,9,9,RAW_AND_CSV_RESULT_SUPPORT
USER_ORIGIN_MINI1,2025-08-01,EXT_CONTACT_E_12PROMAX,2025-08-01,0,B_RAW_WINDOW_SUPPORT,B_RAW_WINDOW_SUPPORT,400.317,339.529,439.608,EXTERNAL_CONTACT_KNOWN,9,9,RAW_AND_CSV_RESULT_SUPPORT
USER_ORIGIN_MINI1,2025-08-05,EXT_REMOTE_GEO_C,2025-08-07,2,B_RAW_WINDOW_SUPPORT,B_RAW_WINDOW_SUPPORT,410.032,324.866,439.374,EXTERNAL_GEO_SEPARATED,9,9,RAW_AND_CSV_RESULT_SUPPORT
USER_ORIGIN_MINI1,2025-08-04,EXT_UNCERTAIN_B,2025-08-05,1,A_CROSS_CORE_0804,B_RAW_WINDOW_SUPPORT,420.684,321.754,438.925,EXTERNAL_CRITICAL_UNCERTAIN_CONTACT,9,9,RAW_AND_CSV_RESULT_SUPPORT
USER_ORIGIN_MINI1,2025-08-08,USER_DEVICE_11PRO,2025-08-10,2,B_RAW_WINDOW_SUPPORT,B_RAW_WINDOW_SUPPORT,407.029,337.095,438.852,USER_CLUSTER_SUPPORT,9,9,RAW_AND_CSV_RESULT_SUPPORT
USER_ORIGIN_MINI1,2025-08-02,EXT_UNCERTAIN_B,2025-08-05,3,B_RAW_WINDOW_SUPPORT,B_RAW_WINDOW_SUPPORT,420.325,321.754,438.835,EXTERNAL_CRITICAL_UNCERTAIN_CONTACT,9,9,RAW_AND_CSV_RESULT_SUPPORT
USER_ORIGIN_MINI1,2025-08-03,EXT_CONTACT_D,2025-08-05,2,B_RAW_WINDOW_SUPPORT,B_RAW_WINDOW_SUPPORT,400.553,338.25,438.388,EXTERNAL_CONTACT_KNOWN,9,9,RAW_AND_CSV_RESULT_SUPPORT
USER_ORIGIN_MINI1,2025-08-09,USER_DEVICE_12G,2025-08-10,1,B_RAW_WINDOW_SUPPORT,B_RAW_WINDOW_SUPPORT,422.374,332.756,438.349,USER_CLUSTER_SUPPORT,9,9,RAW_AND_CSV_RESULT_SUPPORT
USER_ORIGIN_MINI1,2025-08-05,EXT_REMOTE_GEO_C,2025-08-08,3,B_RAW_WINDOW_SUPPORT,B_RAW_WINDOW_SUPPORT,410.032,323.269,437.777,EXTERNAL_GEO_SEPARATED,9,9,RAW_AND_CSV_RESULT_SUPPORT
USER_ORIGIN_MINI1,2025-08-10,USER_DEVICE_12G,2025-08-10,0,B_RAW_WINDOW_SUPPORT,B_RAW_WINDOW_SUPPORT,419.215,332.756,437.56,USER_CLUSTER_SUPPORT,9,9,RAW_AND_CSV_RESULT_SUPPORT
USER_ORIGIN_MINI1,2025-08-07,USER_DEVICE_12G,2025-08-10,3,B_RAW_WINDOW_SUPPORT,B_RAW_WINDOW_SUPPORT,418.6,332.756,437.406,USER_CLUSTER_SUPPORT,9,9,RAW_AND_CSV_RESULT_SUPPORT
USER_ORIGIN_MINI1,2025-08-04,USER_BRIDGE_15G,2025-08-06,2,A_CROSS_CORE_0804,B_RAW_WINDOW_SUPPORT,420.684,322.033,437.204,BRIDGE_TO_LATER_JOKER,9,9,RAW_AND_CSV_RESULT_SUPPORT
USER_ORIGIN_MINI1,2025-08-08,EXT_REMOTE_GEO_C,2025-08-08,0,B_RAW_WINDOW_SUPPORT,B_RAW_WINDOW_SUPPORT,407.029,323.269,437.026,EXTERNAL_GEO_SEPARATED,9,9,RAW_AND_CSV_RESULT_SUPPORT
USER_ORIGIN_MINI1,2025-08-02,USER_BRIDGE_15G,2025-08-03,1,B_RAW_WINDOW_SUPPORT,B_RAW_WINDOW_SUPPORT,420.325,321.486,436.567,BRIDGE_TO_LATER_JOKER,9,9,RAW_AND_CSV_RESULT_SUPPORT
USER_ORIGIN_MINI1,2025-08-05,EXT_UNCERTAIN_B,2025-08-05,0,B_RAW_WINDOW_SUPPORT,B_RAW_WINDOW_SUPPORT,410.032,321.754,436.262,EXTERNAL_CRITICAL_UNCERTAIN_CONTACT,9,9,RAW_AND_CSV_RESULT_SUPPORT
USER_ORIGIN_MINI1,2025-08-09,EXT_CONTACT_E_12PROMAX,2025-08-09,0,B_RAW_WINDOW_SUPPORT,B_RAW_WINDOW_SUPPORT,422.374,330.376,435.969,EXTERNAL_CONTACT_KNOWN,9,9,RAW_AND_CSV_RESULT_SUPPORT
USER_ORIGIN_MINI1,2025-08-04,USER_DEVICE_MINI2,2025-08-05,1,A_CROSS_CORE_0804,B_RAW_WINDOW_SUPPORT,420.684,329.867,435.038,USER_CLUSTER_SUPPORT,9,9,RAW_AND_CSV_RESULT_SUPPORT
USER_ORIGIN_MINI1,2025-08-07,EXT_CONTACT_E_12PROMAX,2025-08-09,2,B_RAW_WINDOW_SUPPORT,B_RAW_WINDOW_SUPPORT,418.6,330.376,435.026,EXTERNAL_CONTACT_KNOWN,9,9,RAW_AND_CSV_RESULT_SUPPORT
USER_ORIGIN_MINI1,2025-08-02,USER_DEVICE_MINI2,2025-08-05,3,B_RAW_WINDOW_SUPPORT,B_RAW_WINDOW_SUPPORT,420.325,329.867,434.948,USER_CLUSTER_SUPPORT,9,9,RAW_AND_CSV_RESULT_SUPPORT
USER_ORIGIN_MINI1,2025-08-02,EXT_CONTACT_D,2025-08-03,1,B_RAW_WINDOW_SUPPORT,B_RAW_WINDOW_SUPPORT,420.325,329.798,434.879,EXTERNAL_CONTACT_KNOWN,9,9,RAW_AND_CSV_RESULT_SUPPORT
USER_ORIGIN_MINI1,2025-08-05,USER_BRIDGE_15G,2025-08-06,1,B_RAW_WINDOW_SUPPORT,B_RAW_WINDOW_SUPPORT,410.032,322.033,434.541,BRIDGE_TO_LATER_JOKER,9,9,RAW_AND_CSV_RESULT_SUPPORT
USER_ORIGIN_MINI1,2025-08-08,USER_DEVICE_12G,2025-08-10,2,B_RAW_WINDOW_SUPPORT,B_RAW_WINDOW_SUPPORT,407.029,332.756,434.513,USER_CLUSTER_SUPPORT,9,9,RAW_AND_CSV_RESULT_SUPPORT
USER_ORIGIN_MINI1,2025-08-03,EXT_UNCERTAIN_B,2025-08-05,2,B_RAW_WINDOW_SUPPORT,B_RAW_WINDOW_SUPPORT,400.553,321.754,433.892,EXTERNAL_CRITICAL_UNCERTAIN_CONTACT,9,9,RAW_AND_CSV_RESULT_SUPPORT
USER_ORIGIN_MINI1,2025-08-02,EXT_UNCERTAIN_B,2025-08-03,1,B_RAW_WINDOW_SUPPORT,B_RAW_WINDOW_SUPPORT,420.325,315.754,432.835,EXTERNAL_CRITICAL_UNCERTAIN_CONTACT,9,9,RAW_AND_CSV_RESULT_SUPPORT
USER_ORIGIN_MINI1,2025-08-05,USER_DEVICE_MINI2,2025-08-05,0,B_RAW_WINDOW_SUPPORT,B_RAW_WINDOW_SUPPORT,410.032,329.867,432.375,USER_CLUSTER_SUPPORT,9,9,RAW_AND_CSV_RESULT_SUPPORT
USER_ORIGIN_MINI1,2025-08-03,USER_BRIDGE_15G,2025-08-06,3,B_RAW_WINDOW_SUPPORT,B_RAW_WINDOW_SUPPORT,400.553,322.033,432.171,BRIDGE_TO_LATER_JOKER,9,9,RAW_AND_CSV_RESULT_SUPPORT
USER_ORIGIN_MINI1,2025-08-08,EXT_CONTACT_E_12PROMAX,2025-08-09,1,B_RAW_WINDOW_SUPPORT,B_RAW_WINDOW_SUPPORT,407.029,330.376,432.133,EXTERNAL_CONTACT_KNOWN,9,9,RAW_AND_CSV_RESULT_SUPPORT
USER_ORIGIN_MINI1,2025-08-04,USER_DEVICE_MINI2,2025-08-04,0,A_CROSS_CORE_0804,A_CROSS_CORE_0804,420.684,318.885,432.056,USER_CLUSTER_SUPPORT,9,9,RAW_AND_CSV_RESULT_SUPPORT
USER_ORIGIN_MINI1,2025-08-02,USER_DEVICE_MINI2,2025-08-04,2,B_RAW_WINDOW_SUPPORT,A_CROSS_CORE_0804,420.325,318.885,431.966,USER_CLUSTER_SUPPORT,9,9,RAW_AND_CSV_RESULT_SUPPORT
USER_ORIGIN_MINI1,2025-08-03,USER_BRIDGE_15G,2025-08-03,0,B_RAW_WINDOW_SUPPORT,B_RAW_WINDOW_SUPPORT,400.553,321.486,431.624,BRIDGE_TO_LATER_JOKER,9,9,RAW_AND_CSV_RESULT_SUPPORT
USER_ORIGIN_MINI1,2025-08-01,USER_BRIDGE_15G,2025-08-03,2,B_RAW_WINDOW_SUPPORT,B_RAW_WINDOW_SUPPORT,400.317,321.486,431.565,BRIDGE_TO_LATER_JOKER,9,9,RAW_AND_CSV_RESULT_SUPPORT
USER_ORIGIN_MINI1,2025-08-06,EXT_UNCERTAIN_B,2025-08-08,2,B_RAW_WINDOW_SUPPORT,B_RAW_WINDOW_SUPPORT,317.748,340.032,431.469,EXTERNAL_CRITICAL_UNCERTAIN_CONTACT,9,9,RAW_AND_CSV_RESULT_SUPPORT
USER_ORIGIN_MINI1,2025-08-03,USER_DEVICE_MINI2,2025-08-05,2,B_RAW_WINDOW_SUPPORT,B_RAW_WINDOW_SUPPORT,400.553,329.867,430.005,USER_CLUSTER_SUPPORT,9,9,RAW_AND_CSV_RESULT_SUPPORT
USER_ORIGIN_MINI1,2025-08-03,EXT_CONTACT_D,2025-08-03,0,B_RAW_WINDOW_SUPPORT,B_RAW_WINDOW_SUPPORT,400.553,329.798,429.936,EXTERNAL_CONTACT_KNOWN,9,9,RAW_AND_CSV_RESULT_SUPPORT
USER_ORIGIN_MINI1,2025-08-01,EXT_CONTACT_D,2025-08-03,2,B_RAW_WINDOW_SUPPORT,B_RAW_WINDOW_SUPPORT,400.317,329.798,429.877,EXTERNAL_CONTACT_KNOWN,9,9,RAW_AND_CSV_RESULT_SUPPORT
USER_ORIGIN_MINI1,2025-08-01,EXT_UNCERTAIN_B,2025-08-01,0,B_RAW_WINDOW_SUPPORT,B_RAW_WINDOW_SUPPORT,400.317,317.72,429.799,EXTERNAL_CRITICAL_UNCERTAIN_CONTACT,8,9,RAW_AND_CSV_RESULT_SUPPORT
USER_ORIGIN_MINI1,2025-08-04,USER_BRIDGE_15G,2025-08-04,0,A_CROSS_CORE_0804,A_CROSS_CORE_0804,420.684,306.626,429.797,BRIDGE_TO_LATER_JOKER,9,9,RAW_AND_CSV_RESULT_SUPPORT
USER_ORIGIN_MINI1,2025-08-02,USER_BRIDGE_15G,2025-08-04,2,B_RAW_WINDOW_SUPPORT,A_CROSS_CORE_0804,420.325,306.626,429.707,BRIDGE_TO_LATER_JOKER,9,9,RAW_AND_CSV_RESULT_SUPPORT
USER_ORIGIN_MINI1,2025-08-01,USER_DEVICE_MINI2,2025-08-01,0,B_RAW_WINDOW_SUPPORT,B_RAW_WINDOW_SUPPORT,400.317,329.131,429.21,USER_CLUSTER_SUPPORT,9,9,RAW_AND_CSV_RESULT_SUPPORT
USER_ORIGIN_MINI1,2025-08-03,EXT_UNCERTAIN_B,2025-08-03,0,B_RAW_WINDOW_SUPPORT,B_RAW_WINDOW_SUPPORT,400.553,315.754,427.892,EXTERNAL_CRITICAL_UNCERTAIN_CONTACT,9,9,RAW_AND_CSV_RESULT_SUPPORT
USER_ORIGIN_MINI1,2025-08-01,EXT_UNCERTAIN_B,2025-08-03,2,B_RAW_WINDOW_SUPPORT,B_RAW_WINDOW_SUPPORT,400.317,315.754,427.833,EXTERNAL_CRITICAL_UNCERTAIN_CONTACT,9,9,RAW_AND_CSV_RESULT_SUPPORT
USER_ORIGIN_MINI1,2025-08-03,USER_DEVICE_MINI2,2025-08-04,1,B_RAW_WINDOW_SUPPORT,A_CROSS_CORE_0804,400.553,318.885,427.023,USER_CLUSTER_SUPPORT,9,9,RAW_AND_CSV_RESULT_SUPPORT
USER_ORIGIN_MINI1,2025-08-01,USER_DEVICE_MINI2,2025-08-04,3,B_RAW_WINDOW_SUPPORT,A_CROSS_CORE_0804,400.317,318.885,426.964,USER_CLUSTER_SUPPORT,9,9,RAW_AND_CSV_RESULT_SUPPORT
USER_ORIGIN_MINI1,2025-08-06,EXT_CONTACT_E_12PROMAX,2025-08-08,2,B_RAW_WINDOW_SUPPORT,B_RAW_WINDOW_SUPPORT,317.748,346.939,426.376,EXTERNAL_CONTACT_KNOWN,9,9,RAW_AND_CSV_RESULT_SUPPORT
USER_ORIGIN_MINI1,2025-08-03,USER_BRIDGE_15G,2025-08-04,1,B_RAW_WINDOW_SUPPORT,A_CROSS_CORE_0804,400.553,306.626,424.764,BRIDGE_TO_LATER_JOKER,9,9,RAW_AND_CSV_RESULT_SUPPORT
USER_ORIGIN_MINI1,2025-08-01,USER_BRIDGE_15G,2025-08-04,3,B_RAW_WINDOW_SUPPORT,A_CROSS_CORE_0804,400.317,306.626,424.705,BRIDGE_TO_LATER_JOKER,9,9,RAW_AND_CSV_RESULT_SUPPORT
USER_ORIGIN_MINI1,2025-08-02,USER_DEVICE_MINI2,2025-08-02,0,B_RAW_WINDOW_SUPPORT,B_RAW_WINDOW_SUPPORT,420.325,318.985,424.066,USER_CLUSTER_SUPPORT,9,9,RAW_AND_CSV_RESULT_SUPPORT
USER_ORIGIN_MINI1,2025-08-04,USER_DEVICE_MINI2,2025-08-06,2,A_CROSS_CORE_0804,B_RAW_WINDOW_SUPPORT,420.684,318.889,424.06,USER_CLUSTER_SUPPORT,9,9,RAW_AND_CSV_RESULT_SUPPORT
USER_ORIGIN_MINI1,2025-08-04,EXT_CONTACT_D,2025-08-07,3,A_CROSS_CORE_0804,B_RAW_WINDOW_SUPPORT,420.684,316.499,421.67,EXTERNAL_CONTACT_KNOWN,9,9,RAW_AND_CSV_RESULT_SUPPORT
USER_ORIGIN_MINI1,2025-08-05,USER_DEVICE_MINI2,2025-08-06,1,B_RAW_WINDOW_SUPPORT,B_RAW_WINDOW_SUPPORT,410.032,318.889,421.397,USER_CLUSTER_SUPPORT,9,9,RAW_AND_CSV_RESULT_SUPPORT
USER_ORIGIN_MINI1,2025-08-02,EXT_CONTACT_D,2025-08-02,0,B_RAW_WINDOW_SUPPORT,B_RAW_WINDOW_SUPPORT,420.325,316.146,421.227,EXTERNAL_CONTACT_KNOWN,9,9,RAW_AND_CSV_RESULT_SUPPORT
USER_ORIGIN_MINI1,2025-08-07,EXT_CONTACT_D,2025-08-07,0,B_RAW_WINDOW_SUPPORT,B_RAW_WINDOW_SUPPORT,418.6,316.499,421.149,EXTERNAL_CONTACT_KNOWN,9,9,RAW_AND_CSV_RESULT_SUPPORT
USER_ORIGIN_MINI1,2025-08-02,EXT_REMOTE_GEO_C,2025-08-02,0,B_RAW_WINDOW_SUPPORT,B_RAW_WINDOW_SUPPORT,420.325,303.572,420.653,EXTERNAL_GEO_SEPARATED,9,9,RAW_AND_CSV_RESULT_SUPPORT
USER_ORIGIN_MINI1,2025-08-04,EXT_CONTACT_D,2025-08-06,2,A_CROSS_CORE_0804,B_RAW_WINDOW_SUPPORT,420.684,315.142,420.313,EXTERNAL_CONTACT_KNOWN,9,9,RAW_AND_CSV_RESULT_SUPPORT
USER_ORIGIN_MINI1,2025-08-01,USER_DEVICE_MINI2,2025-08-02,1,B_RAW_WINDOW_SUPPORT,B_RAW_WINDOW_SUPPORT,400.317,318.985,419.064,USER_CLUSTER_SUPPORT,9,9,RAW_AND_CSV_RESULT_SUPPORT
USER_ORIGIN_MINI1,2025-08-03,USER_DEVICE_MINI2,2025-08-06,3,B_RAW_WINDOW_SUPPORT,B_RAW_WINDOW_SUPPORT,400.553,318.889,419.027,USER_CLUSTER_SUPPORT,9,9,RAW_AND_CSV_RESULT_SUPPORT
USER_ORIGIN_MINI1,2025-08-05,EXT_CONTACT_D,2025-08-07,2,B_RAW_WINDOW_SUPPORT,B_RAW_WINDOW_SUPPORT,410.032,316.499,419.007,EXTERNAL_CONTACT_KNOWN,9,9,RAW_AND_CSV_RESULT_SUPPORT
USER_ORIGIN_MINI1,2025-08-07,EXT_CONTACT_D,2025-08-08,1,B_RAW_WINDOW_SUPPORT,B_RAW_WINDOW_SUPPORT,418.6,313.684,418.334,EXTERNAL_CONTACT_KNOWN,9,9,RAW_AND_CSV_RESULT_SUPPORT
USER_ORIGIN_MINI1,2025-08-05,EXT_CONTACT_D,2025-08-06,1,B_RAW_WINDOW_SUPPORT,B_RAW_WINDOW_SUPPORT,410.032,315.142,417.65,EXTERNAL_CONTACT_KNOWN,9,9,RAW_AND_CSV_RESULT_SUPPORT
USER_ORIGIN_MINI1,2025-08-06,EXT_REMOTE_GEO_C,2025-08-07,1,B_RAW_WINDOW_SUPPORT,B_RAW_WINDOW_SUPPORT,317.748,324.866,416.303,EXTERNAL_GEO_SEPARATED,9,9,RAW_AND_CSV_RESULT_SUPPORT
USER_ORIGIN_MINI1,2025-08-01,EXT_CONTACT_D,2025-08-02,1,B_RAW_WINDOW_SUPPORT,B_RAW_WINDOW_SUPPORT,400.317,316.146,416.225,EXTERNAL_CONTACT_KNOWN,9,9,RAW_AND_CSV_RESULT_SUPPORT
USER_ORIGIN_MINI1,2025-08-05,EXT_CONTACT_D,2025-08-08,3,B_RAW_WINDOW_SUPPORT,B_RAW_WINDOW_SUPPORT,410.032,313.684,416.192,EXTERNAL_CONTACT_KNOWN,9,9,RAW_AND_CSV_RESULT_SUPPORT
USER_ORIGIN_MINI1,2025-08-01,EXT_REMOTE_GEO_C,2025-08-02,1,B_RAW_WINDOW_SUPPORT,B_RAW_WINDOW_SUPPORT,400.317,303.572,415.651,EXTERNAL_GEO_SEPARATED,9,9,RAW_AND_CSV_RESULT_SUPPORT
USER_ORIGIN_MINI1,2025-08-08,EXT_CONTACT_D,2025-08-08,0,B_RAW_WINDOW_SUPPORT,B_RAW_WINDOW_SUPPORT,407.029,313.684,415.441,EXTERNAL_CONTACT_KNOWN,9,9,RAW_AND_CSV_RESULT_SUPPORT
USER_ORIGIN_MINI1,2025-08-03,EXT_CONTACT_D,2025-08-06,3,B_RAW_WINDOW_SUPPORT,B_RAW_WINDOW_SUPPORT,400.553,315.142,415.28,EXTERNAL_CONTACT_KNOWN,9,9,RAW_AND_CSV_RESULT_SUPPORT
USER_ORIGIN_MINI1,2025-08-04,EXT_REMOTE_GEO_C,2025-08-06,2,A_CROSS_CORE_0804,B_RAW_WINDOW_SUPPORT,420.684,297.812,414.983,EXTERNAL_GEO_SEPARATED,9,9,RAW_AND_CSV_RESULT_SUPPORT
USER_ORIGIN_MINI1,2025-08-06,EXT_REMOTE_GEO_C,2025-08-08,2,B_RAW_WINDOW_SUPPORT,B_RAW_WINDOW_SUPPORT,317.748,323.269,414.706,EXTERNAL_GEO_SEPARATED,9,9,RAW_AND_CSV_RESULT_SUPPORT
USER_ORIGIN_MINI1,2025-08-04,EXT_REMOTE_GEO_C,2025-08-05,1,A_CROSS_CORE_0804,B_RAW_WINDOW_SUPPORT,420.684,295.373,412.544,EXTERNAL_GEO_SEPARATED,9,9,RAW_AND_CSV_RESULT_SUPPORT
USER_ORIGIN_MINI1,2025-08-02,EXT_REMOTE_GEO_C,2025-08-05,3,B_RAW_WINDOW_SUPPORT,B_RAW_WINDOW_SUPPORT,420.325,295.373,412.454,EXTERNAL_GEO_SEPARATED,9,9,RAW_AND_CSV_RESULT_SUPPORT
USER_ORIGIN_MINI1,2025-08-05,EXT_REMOTE_GEO_C,2025-08-06,1,B_RAW_WINDOW_SUPPORT,B_RAW_WINDOW_SUPPORT,410.032,297.812,412.32,EXTERNAL_GEO_SEPARATED,9,9,RAW_AND_CSV_RESULT_SUPPORT
USER_ORIGIN_MINI1,2025-08-02,EXT_REMOTE_GEO_C,2025-08-03,1,B_RAW_WINDOW_SUPPORT,B_RAW_WINDOW_SUPPORT,420.325,294.963,412.044,EXTERNAL_GEO_SEPARATED,9,9,RAW_AND_CSV_RESULT_SUPPORT
USER_ORIGIN_MINI1,2025-08-06,USER_BRIDGE_15G,2025-08-06,0,B_RAW_WINDOW_SUPPORT,B_RAW_WINDOW_SUPPORT,317.748,322.033,411.47,BRIDGE_TO_LATER_JOKER,9,9,RAW_AND_CSV_RESULT_SUPPORT
USER_ORIGIN_MINI1,2025-08-03,EXT_REMOTE_GEO_C,2025-08-06,3,B_RAW_WINDOW_SUPPORT,B_RAW_WINDOW_SUPPORT,400.553,297.812,409.95,EXTERNAL_GEO_SEPARATED,9,9,RAW_AND_CSV_RESULT_SUPPORT
USER_ORIGIN_MINI1,2025-08-05,EXT_REMOTE_GEO_C,2025-08-05,0,B_RAW_WINDOW_SUPPORT,B_RAW_WINDOW_SUPPORT,410.032,295.373,409.881,EXTERNAL_GEO_SEPARATED,9,9,RAW_AND_CSV_RESULT_SUPPORT
USER_ORIGIN_MINI1,2025-08-06,EXT_CONTACT_E_12PROMAX,2025-08-09,3,B_RAW_WINDOW_SUPPORT,B_RAW_WINDOW_SUPPORT,317.748,330.376,409.813,EXTERNAL_CONTACT_KNOWN,9,9,RAW_AND_CSV_RESULT_SUPPORT
USER_ORIGIN_MINI1,2025-08-09,EXT_NO_CONTACT_A,2025-08-10,1,B_RAW_WINDOW_SUPPORT,B_RAW_WINDOW_SUPPORT,422.374,291.248,408.841,EXTERNAL_CRITICAL_NO_DIRECT_CONTACT,9,0,RAW_ONLY
USER_ORIGIN_MINI1,2025-08-10,EXT_NO_CONTACT_A,2025-08-10,0,B_RAW_WINDOW_SUPPORT,B_RAW_WINDOW_SUPPORT,419.215,291.248,408.052,EXTERNAL_CRITICAL_NO_DIRECT_CONTACT,9,0,RAW_ONLY
USER_ORIGIN_MINI1,2025-08-04,USER_DEVICE_12G,2025-08-05,1,A_CROSS_CORE_0804,B_RAW_WINDOW_SUPPORT,420.684,302.779,407.95,USER_CLUSTER_SUPPORT,8,9,RAW_AND_CSV_RESULT_SUPPORT
USER_ORIGIN_MINI1,2025-08-07,EXT_NO_CONTACT_A,2025-08-10,3,B_RAW_WINDOW_SUPPORT,B_RAW_WINDOW_SUPPORT,418.6,291.248,407.898,EXTERNAL_CRITICAL_NO_DIRECT_CONTACT,9,0,RAW_ONLY
USER_ORIGIN_MINI1,2025-08-02,USER_DEVICE_12G,2025-08-05,3,B_RAW_WINDOW_SUPPORT,B_RAW_WINDOW_SUPPORT,420.325,302.779,407.86,USER_CLUSTER_SUPPORT,8,9,RAW_AND_CSV_RESULT_SUPPORT
USER_ORIGIN_MINI1,2025-08-03,EXT_REMOTE_GEO_C,2025-08-05,2,B_RAW_WINDOW_SUPPORT,B_RAW_WINDOW_SUPPORT,400.553,295.373,407.511,EXTERNAL_GEO_SEPARATED,9,9,RAW_AND_CSV_RESULT_SUPPORT
USER_ORIGIN_MINI1,2025-08-03,EXT_REMOTE_GEO_C,2025-08-03,0,B_RAW_WINDOW_SUPPORT,B_RAW_WINDOW_SUPPORT,400.553,294.963,407.101,EXTERNAL_GEO_SEPARATED,9,9,RAW_AND_CSV_RESULT_SUPPORT
USER_ORIGIN_MINI1,2025-08-01,EXT_REMOTE_GEO_C,2025-08-03,2,B_RAW_WINDOW_SUPPORT,B_RAW_WINDOW_SUPPORT,400.317,294.963,407.042,EXTERNAL_GEO_SEPARATED,9,9,RAW_AND_CSV_RESULT_SUPPORT
USER_ORIGIN_MINI1,2025-08-05,USER_DEVICE_12G,2025-08-05,0,B_RAW_WINDOW_SUPPORT,B_RAW_WINDOW_SUPPORT,410.032,302.779,405.287,USER_CLUSTER_SUPPORT,8,9,RAW_AND_CSV_RESULT_SUPPORT
USER_ORIGIN_MINI1,2025-08-08,EXT_NO_CONTACT_A,2025-08-10,2,B_RAW_WINDOW_SUPPORT,B_RAW_WINDOW_SUPPORT,407.029,291.248,405.005,EXTERNAL_CRITICAL_NO_DIRECT_CONTACT,9,0,RAW_ONLY
USER_ORIGIN_MINI1,2025-08-02,USER_DEVICE_11PRO,2025-08-03,1,B_RAW_WINDOW_SUPPORT,B_RAW_WINDOW_SUPPORT,420.325,299.39,404.471,USER_CLUSTER_SUPPORT,9,9,RAW_AND_CSV_RESULT_SUPPORT
USER_ORIGIN_MINI1,2025-08-07,USER_BRIDGE_15G,2025-08-08,1,B_RAW_WINDOW_SUPPORT,B_RAW_WINDOW_SUPPORT,418.6,289.606,404.256,BRIDGE_TO_LATER_JOKER,8,9,RAW_AND_CSV_RESULT_SUPPORT
USER_ORIGIN_MINI1,2025-08-03,USER_DEVICE_12G,2025-08-05,2,B_RAW_WINDOW_SUPPORT,B_RAW_WINDOW_SUPPORT,400.553,302.779,402.917,USER_CLUSTER_SUPPORT,8,9,RAW_AND_CSV_RESULT_SUPPORT
USER_ORIGIN_MINI1,2025-08-05,USER_BRIDGE_15G,2025-08-08,3,B_RAW_WINDOW_SUPPORT,B_RAW_WINDOW_SUPPORT,410.032,289.606,402.114,BRIDGE_TO_LATER_JOKER,8,9,RAW_AND_CSV_RESULT_SUPPORT
USER_ORIGIN_MINI1,2025-08-08,USER_BRIDGE_15G,2025-08-08,0,B_RAW_WINDOW_SUPPORT,B_RAW_WINDOW_SUPPORT,407.029,289.606,401.363,BRIDGE_TO_LATER_JOKER,8,9,RAW_AND_CSV_RESULT_SUPPORT
USER_ORIGIN_MINI1,2025-08-03,USER_DEVICE_11PRO,2025-08-03,0,B_RAW_WINDOW_SUPPORT,B_RAW_WINDOW_SUPPORT,400.553,299.39,399.528,USER_CLUSTER_SUPPORT,9,9,RAW_AND_CSV_RESULT_SUPPORT
USER_ORIGIN_MINI1,2025-08-01,USER_DEVICE_11PRO,2025-08-03,2,B_RAW_WINDOW_SUPPORT,B_RAW_WINDOW_SUPPORT,400.317,299.39,399.469,USER_CLUSTER_SUPPORT,9,9,RAW_AND_CSV_RESULT_SUPPORT
USER_ORIGIN_MINI1,2025-08-02,USER_DEVICE_11PRO,2025-08-02,0,B_RAW_WINDOW_SUPPORT,B_RAW_WINDOW_SUPPORT,420.325,294.117,399.198,USER_CLUSTER_SUPPORT,9,9,RAW_AND_CSV_RESULT_SUPPORT
USER_ORIGIN_MINI1,2025-08-07,USER_DEVICE_11PRO,2025-08-08,1,B_RAW_WINDOW_SUPPORT,B_RAW_WINDOW_SUPPORT,418.6,294.046,398.696,USER_CLUSTER_SUPPORT,9,9,RAW_AND_CSV_RESULT_SUPPORT
USER_ORIGIN_MINI1,2025-08-01,USER_BRIDGE_15G,2025-08-01,0,B_RAW_WINDOW_SUPPORT,B_RAW_WINDOW_SUPPORT,400.317,288.423,398.502,BRIDGE_TO_LATER_JOKER,8,9,RAW_AND_CSV_RESULT_SUPPORT
USER_ORIGIN_MINI1,2025-08-06,USER_DEVICE_MINI2,2025-08-06,0,B_RAW_WINDOW_SUPPORT,B_RAW_WINDOW_SUPPORT,317.748,318.889,398.326,USER_CLUSTER_SUPPORT,9,9,RAW_AND_CSV_RESULT_SUPPORT
USER_ORIGIN_MINI1,2025-08-05,USER_DEVICE_11PRO,2025-08-08,3,B_RAW_WINDOW_SUPPORT,B_RAW_WINDOW_SUPPORT,410.032,294.046,396.554,USER_CLUSTER_SUPPORT,9,9,RAW_AND_CSV_RESULT_SUPPORT
USER_ORIGIN_MINI1,2025-08-06,EXT_CONTACT_D,2025-08-07,1,B_RAW_WINDOW_SUPPORT,B_RAW_WINDOW_SUPPORT,317.748,316.499,395.936,EXTERNAL_CONTACT_KNOWN,9,9,RAW_AND_CSV_RESULT_SUPPORT
USER_ORIGIN_MINI1,2025-08-08,USER_DEVICE_11PRO,2025-08-08,0,B_RAW_WINDOW_SUPPORT,B_RAW_WINDOW_SUPPORT,407.029,294.046,395.803,USER_CLUSTER_SUPPORT,9,9,RAW_AND_CSV_RESULT_SUPPORT
USER_ORIGIN_MINI1,2025-08-06,EXT_CONTACT_D,2025-08-06,0,B_RAW_WINDOW_SUPPORT,B_RAW_WINDOW_SUPPORT,317.748,315.142,394.579,EXTERNAL_CONTACT_KNOWN,9,9,RAW_AND_CSV_RESULT_SUPPORT
USER_ORIGIN_MINI1,2025-08-04,EXT_NO_CONTACT_A,2025-08-07,3,A_CROSS_CORE_0804,B_RAW_WINDOW_SUPPORT,420.684,277.204,394.375,EXTERNAL_CRITICAL_NO_DIRECT_CONTACT,9,0,RAW_ONLY
USER_ORIGIN_MINI1,2025-08-01,USER_DEVICE_11PRO,2025-08-02,1,B_RAW_WINDOW_SUPPORT,B_RAW_WINDOW_SUPPORT,400.317,294.117,394.196,USER_CLUSTER_SUPPORT,9,9,RAW_AND_CSV_RESULT_SUPPORT
USER_ORIGIN_MINI1,2025-08-07,EXT_NO_CONTACT_A,2025-08-07,0,B_RAW_WINDOW_SUPPORT,B_RAW_WINDOW_SUPPORT,418.6,277.204,393.854,EXTERNAL_CRITICAL_NO_DIRECT_CONTACT,9,0,RAW_ONLY
USER_ORIGIN_MINI1,2025-08-06,EXT_CONTACT_D,2025-08-08,2,B_RAW_WINDOW_SUPPORT,B_RAW_WINDOW_SUPPORT,317.748,313.684,393.121,EXTERNAL_CONTACT_KNOWN,9,9,RAW_AND_CSV_RESULT_SUPPORT
USER_ORIGIN_MINI1,2025-08-05,EXT_NO_CONTACT_A,2025-08-07,2,B_RAW_WINDOW_SUPPORT,B_RAW_WINDOW_SUPPORT,410.032,277.204,391.712,EXTERNAL_CRITICAL_NO_DIRECT_CONTACT,9,0,RAW_ONLY
USER_ORIGIN_MINI1,2025-08-04,USER_DEVICE_MINI2,2025-08-07,3,A_CROSS_CORE_0804,B_RAW_WINDOW_SUPPORT,420.684,284.771,389.942,USER_CLUSTER_SUPPORT,9,9,RAW_AND_CSV_RESULT_SUPPORT
USER_ORIGIN_MINI1,2025-08-07,USER_DEVICE_MINI2,2025-08-07,0,B_RAW_WINDOW_SUPPORT,B_RAW_WINDOW_SUPPORT,418.6,284.771,389.421,USER_CLUSTER_SUPPORT,9,9,RAW_AND_CSV_RESULT_SUPPORT
USER_ORIGIN_MINI1,2025-08-06,EXT_REMOTE_GEO_C,2025-08-06,0,B_RAW_WINDOW_SUPPORT,B_RAW_WINDOW_SUPPORT,317.748,297.812,389.249,EXTERNAL_GEO_SEPARATED,9,9,RAW_AND_CSV_RESULT_SUPPORT
USER_ORIGIN_MINI1,2025-08-05,USER_DEVICE_MINI2,2025-08-07,2,B_RAW_WINDOW_SUPPORT,B_RAW_WINDOW_SUPPORT,410.032,284.771,387.279,USER_CLUSTER_SUPPORT,9,9,RAW_AND_CSV_RESULT_SUPPORT
USER_ORIGIN_MINI1,2025-08-04,USER_DEVICE_11PRO,2025-08-07,3,A_CROSS_CORE_0804,B_RAW_WINDOW_SUPPORT,420.684,280.929,386.1,USER_CLUSTER_SUPPORT,9,9,RAW_AND_CSV_RESULT_SUPPORT
USER_ORIGIN_MINI1,2025-08-07,USER_DEVICE_11PRO,2025-08-07,0,B_RAW_WINDOW_SUPPORT,B_RAW_WINDOW_SUPPORT,418.6,280.929,385.579,USER_CLUSTER_SUPPORT,9,9,RAW_AND_CSV_RESULT_SUPPORT
USER_ORIGIN_MINI1,2025-08-04,EXT_NO_CONTACT_A,2025-08-05,1,A_CROSS_CORE_0804,B_RAW_WINDOW_SUPPORT,420.684,266.505,383.676,EXTERNAL_CRITICAL_NO_DIRECT_CONTACT,9,0,RAW_ONLY
USER_ORIGIN_MINI1,2025-08-02,EXT_NO_CONTACT_A,2025-08-05,3,B_RAW_WINDOW_SUPPORT,B_RAW_WINDOW_SUPPORT,420.325,266.505,383.586,EXTERNAL_CRITICAL_NO_DIRECT_CONTACT,9,0,RAW_ONLY
USER_ORIGIN_MINI1,2025-08-05,USER_DEVICE_11PRO,2025-08-07,2,B_RAW_WINDOW_SUPPORT,B_RAW_WINDOW_SUPPORT,410.032,280.929,383.437,USER_CLUSTER_SUPPORT,9,9,RAW_AND_CSV_RESULT_SUPPORT
USER_ORIGIN_MINI1,2025-08-07,EXT_NO_CONTACT_A,2025-08-08,1,B_RAW_WINDOW_SUPPORT,B_RAW_WINDOW_SUPPORT,418.6,264.542,381.192,EXTERNAL_CRITICAL_NO_DIRECT_CONTACT,9,0,RAW_ONLY
USER_ORIGIN_MINI1,2025-08-05,EXT_NO_CONTACT_A,2025-08-05,0,B_RAW_WINDOW_SUPPORT,B_RAW_WINDOW_SUPPORT,410.032,266.505,381.013,EXTERNAL_CRITICAL_NO_DIRECT_CONTACT,9,0,RAW_ONLY
USER_ORIGIN_MINI1,2025-08-02,USER_BRIDGE_15G,2025-08-02,0,B_RAW_WINDOW_SUPPORT,B_RAW_WINDOW_SUPPORT,420.325,265.5,380.581,BRIDGE_TO_LATER_JOKER,9,9,RAW_AND_CSV_RESULT_SUPPORT
USER_ORIGIN_MINI1,2025-08-05,EXT_NO_CONTACT_A,2025-08-08,3,B_RAW_WINDOW_SUPPORT,B_RAW_WINDOW_SUPPORT,410.032,264.542,379.05,EXTERNAL_CRITICAL_NO_DIRECT_CONTACT,9,0,RAW_ONLY
USER_ORIGIN_MINI1,2025-08-06,USER_BRIDGE_15G,2025-08-08,2,B_RAW_WINDOW_SUPPORT,B_RAW_WINDOW_SUPPORT,317.748,289.606,379.043,BRIDGE_TO_LATER_JOKER,8,9,RAW_AND_CSV_RESULT_SUPPORT
USER_ORIGIN_MINI1,2025-08-03,EXT_NO_CONTACT_A,2025-08-05,2,B_RAW_WINDOW_SUPPORT,B_RAW_WINDOW_SUPPORT,400.553,266.505,378.643,EXTERNAL_CRITICAL_NO_DIRECT_CONTACT,9,0,RAW_ONLY
USER_ORIGIN_MINI1,2025-08-08,EXT_NO_CONTACT_A,2025-08-08,0,B_RAW_WINDOW_SUPPORT,B_RAW_WINDOW_SUPPORT,407.029,264.542,378.299,EXTERNAL_CRITICAL_NO_DIRECT_CONTACT,9,0,RAW_ONLY
USER_ORIGIN_MINI1,2025-08-09,EXT_NO_CONTACT_A,2025-08-09,0,B_RAW_WINDOW_SUPPORT,B_RAW_WINDOW_SUPPORT,422.374,258.473,376.067,EXTERNAL_CRITICAL_NO_DIRECT_CONTACT,9,0,RAW_ONLY
USER_ORIGIN_MINI1,2025-08-01,USER_BRIDGE_15G,2025-08-02,1,B_RAW_WINDOW_SUPPORT,B_RAW_WINDOW_SUPPORT,400.317,265.5,375.579,BRIDGE_TO_LATER_JOKER,9,9,RAW_AND_CSV_RESULT_SUPPORT
USER_ORIGIN_MINI1,2025-08-07,EXT_NO_CONTACT_A,2025-08-09,2,B_RAW_WINDOW_SUPPORT,B_RAW_WINDOW_SUPPORT,418.6,258.473,375.123,EXTERNAL_CRITICAL_NO_DIRECT_CONTACT,9,0,RAW_ONLY
USER_ORIGIN_MINI1,2025-08-02,EXT_CONTACT_E_12PROMAX,2025-08-03,1,B_RAW_WINDOW_SUPPORT,B_RAW_WINDOW_SUPPORT,420.325,268.622,373.703,EXTERNAL_CONTACT_KNOWN,9,9,RAW_AND_CSV_RESULT_SUPPORT
USER_ORIGIN_MINI1,2025-08-06,USER_DEVICE_11PRO,2025-08-08,2,B_RAW_WINDOW_SUPPORT,B_RAW_WINDOW_SUPPORT,317.748,294.046,373.483,USER_CLUSTER_SUPPORT,9,9,RAW_AND_CSV_RESULT_SUPPORT
USER_ORIGIN_MINI1,2025-08-08,EXT_NO_CONTACT_A,2025-08-09,1,B_RAW_WINDOW_SUPPORT,B_RAW_WINDOW_SUPPORT,407.029,258.473,372.23,EXTERNAL_CRITICAL_NO_DIRECT_CONTACT,9,0,RAW_ONLY
USER_ORIGIN_MINI1,2025-08-03,EXT_CONTACT_E_12PROMAX,2025-08-03,0,B_RAW_WINDOW_SUPPORT,B_RAW_WINDOW_SUPPORT,400.553,268.622,368.76,EXTERNAL_CONTACT_KNOWN,9,9,RAW_AND_CSV_RESULT_SUPPORT
USER_ORIGIN_MINI1,2025-08-01,EXT_CONTACT_E_12PROMAX,2025-08-03,2,B_RAW_WINDOW_SUPPORT,B_RAW_WINDOW_SUPPORT,400.317,268.622,368.701,EXTERNAL_CONTACT_KNOWN,9,9,RAW_AND_CSV_RESULT_SUPPORT
USER_ORIGIN_MINI1,2025-08-06,EXT_NO_CONTACT_A,2025-08-07,1,B_RAW_WINDOW_SUPPORT,B_RAW_WINDOW_SUPPORT,317.748,277.204,368.641,EXTERNAL_CRITICAL_NO_DIRECT_CONTACT,9,0,RAW_ONLY
USER_ORIGIN_MINI1,2025-08-06,USER_DEVICE_MINI2,2025-08-07,1,B_RAW_WINDOW_SUPPORT,B_RAW_WINDOW_SUPPORT,317.748,284.771,364.208,USER_CLUSTER_SUPPORT,9,9,RAW_AND_CSV_RESULT_SUPPORT
USER_ORIGIN_MINI1,2025-08-06,USER_DEVICE_11PRO,2025-08-07,1,B_RAW_WINDOW_SUPPORT,B_RAW_WINDOW_SUPPORT,317.748,280.929,360.366,USER_CLUSTER_SUPPORT,9,9,RAW_AND_CSV_RESULT_SUPPORT
USER_ORIGIN_MINI1,2025-08-01,EXT_CONTACT_D,2025-08-01,0,B_RAW_WINDOW_SUPPORT,B_RAW_WINDOW_SUPPORT,400.317,259.858,359.937,EXTERNAL_CONTACT_KNOWN,9,9,RAW_AND_CSV_RESULT_SUPPORT
USER_ORIGIN_MINI1,2025-08-04,EXT_NO_CONTACT_A,2025-08-06,2,A_CROSS_CORE_0804,B_RAW_WINDOW_SUPPORT,420.684,238.974,356.145,EXTERNAL_CRITICAL_NO_DIRECT_CONTACT,9,0,RAW_ONLY
USER_ORIGIN_MINI1,2025-08-06,EXT_NO_CONTACT_A,2025-08-08,2,B_RAW_WINDOW_SUPPORT,B_RAW_WINDOW_SUPPORT,317.748,264.542,355.979,EXTERNAL_CRITICAL_NO_DIRECT_CONTACT,9,0,RAW_ONLY
USER_ORIGIN_MINI1,2025-08-05,EXT_NO_CONTACT_A,2025-08-06,1,B_RAW_WINDOW_SUPPORT,B_RAW_WINDOW_SUPPORT,410.032,238.974,353.482,EXTERNAL_CRITICAL_NO_DIRECT_CONTACT,9,0,RAW_ONLY
USER_ORIGIN_MINI1,2025-08-03,EXT_NO_CONTACT_A,2025-08-06,3,B_RAW_WINDOW_SUPPORT,B_RAW_WINDOW_SUPPORT,400.553,238.974,351.112,EXTERNAL_CRITICAL_NO_DIRECT_CONTACT,9,0,RAW_ONLY
USER_ORIGIN_MINI1,2025-08-06,EXT_NO_CONTACT_A,2025-08-09,3,B_RAW_WINDOW_SUPPORT,B_RAW_WINDOW_SUPPORT,317.748,258.473,349.91,EXTERNAL_CRITICAL_NO_DIRECT_CONTACT,9,0,RAW_ONLY
USER_ORIGIN_MINI1,2025-08-01,EXT_REMOTE_GEO_C,2025-08-01,0,B_RAW_WINDOW_SUPPORT,B_RAW_WINDOW_SUPPORT,400.317,232.735,344.814,EXTERNAL_GEO_SEPARATED,8,9,RAW_AND_CSV_RESULT_SUPPORT
USER_ORIGIN_MINI1,2025-08-04,USER_DEVICE_11PRO,2025-08-05,1,A_CROSS_CORE_0804,B_RAW_WINDOW_SUPPORT,420.684,236.225,341.396,USER_CLUSTER_SUPPORT,8,9,RAW_AND_CSV_RESULT_SUPPORT
USER_ORIGIN_MINI1,2025-08-02,USER_DEVICE_11PRO,2025-08-05,3,B_RAW_WINDOW_SUPPORT,B_RAW_WINDOW_SUPPORT,420.325,236.225,341.306,USER_CLUSTER_SUPPORT,8,9,RAW_AND_CSV_RESULT_SUPPORT
USER_ORIGIN_MINI1,2025-08-04,EXT_CONTACT_E_6SPLUS,2025-08-04,0,A_CROSS_CORE_0804,A_CROSS_CORE_0804,420.684,227.325,340.496,EXTERNAL_CONTACT_KNOWN,8,1,RAW_AND_CSV_RESULT_SUPPORT
USER_ORIGIN_MINI1,2025-08-02,EXT_CONTACT_E_6SPLUS,2025-08-04,2,B_RAW_WINDOW_SUPPORT,A_CROSS_CORE_0804,420.325,227.325,340.406,EXTERNAL_CONTACT_KNOWN,8,1,RAW_AND_CSV_RESULT_SUPPORT
USER_ORIGIN_MINI1,2025-08-05,USER_DEVICE_11PRO,2025-08-05,0,B_RAW_WINDOW_SUPPORT,B_RAW_WINDOW_SUPPORT,410.032,236.225,338.733,USER_CLUSTER_SUPPORT,8,9,RAW_AND_CSV_RESULT_SUPPORT
USER_ORIGIN_MINI1,2025-08-03,USER_DEVICE_11PRO,2025-08-05,2,B_RAW_WINDOW_SUPPORT,B_RAW_WINDOW_SUPPORT,400.553,236.225,336.363,USER_CLUSTER_SUPPORT,8,9,RAW_AND_CSV_RESULT_SUPPORT
USER_ORIGIN_MINI1,2025-08-03,EXT_CONTACT_E_6SPLUS,2025-08-04,1,B_RAW_WINDOW_SUPPORT,A_CROSS_CORE_0804,400.553,227.325,335.463,EXTERNAL_CONTACT_KNOWN,8,1,RAW_AND_CSV_RESULT_SUPPORT
USER_ORIGIN_MINI1,2025-08-01,EXT_CONTACT_E_6SPLUS,2025-08-04,3,B_RAW_WINDOW_SUPPORT,A_CROSS_CORE_0804,400.317,227.325,335.404,EXTERNAL_CONTACT_KNOWN,8,1,RAW_AND_CSV_RESULT_SUPPORT
USER_ORIGIN_MINI1,2025-08-09,EXT_REMOTE_GEO_C,2025-08-09,0,B_RAW_WINDOW_SUPPORT,B_RAW_WINDOW_SUPPORT,422.374,213.447,331.041,EXTERNAL_GEO_SEPARATED,8,9,RAW_AND_CSV_RESULT_SUPPORT
USER_ORIGIN_MINI1,2025-08-06,EXT_NO_CONTACT_A,2025-08-06,0,B_RAW_WINDOW_SUPPORT,B_RAW_WINDOW_SUPPORT,317.748,238.974,330.411,EXTERNAL_CRITICAL_NO_DIRECT_CONTACT,9,0,RAW_ONLY
USER_ORIGIN_MINI1,2025-08-07,EXT_REMOTE_GEO_C,2025-08-09,2,B_RAW_WINDOW_SUPPORT,B_RAW_WINDOW_SUPPORT,418.6,213.447,330.097,EXTERNAL_GEO_SEPARATED,8,9,RAW_AND_CSV_RESULT_SUPPORT
USER_ORIGIN_MINI1,2025-08-08,EXT_REMOTE_GEO_C,2025-08-09,1,B_RAW_WINDOW_SUPPORT,B_RAW_WINDOW_SUPPORT,407.029,213.447,327.204,EXTERNAL_GEO_SEPARATED,8,9,RAW_AND_CSV_RESULT_SUPPORT
USER_ORIGIN_MINI1,2025-08-09,EXT_REMOTE_GEO_C,2025-08-10,1,B_RAW_WINDOW_SUPPORT,B_RAW_WINDOW_SUPPORT,422.374,209.222,326.816,EXTERNAL_GEO_SEPARATED,8,9,RAW_AND_CSV_RESULT_SUPPORT
USER_ORIGIN_MINI1,2025-08-10,EXT_REMOTE_GEO_C,2025-08-10,0,B_RAW_WINDOW_SUPPORT,B_RAW_WINDOW_SUPPORT,419.215,209.222,326.026,EXTERNAL_GEO_SEPARATED,8,9,RAW_AND_CSV_RESULT_SUPPORT
USER_ORIGIN_MINI1,2025-08-07,EXT_REMOTE_GEO_C,2025-08-10,3,B_RAW_WINDOW_SUPPORT,B_RAW_WINDOW_SUPPORT,418.6,209.222,325.872,EXTERNAL_GEO_SEPARATED,8,9,RAW_AND_CSV_RESULT_SUPPORT
USER_ORIGIN_MINI1,2025-08-08,EXT_REMOTE_GEO_C,2025-08-10,2,B_RAW_WINDOW_SUPPORT,B_RAW_WINDOW_SUPPORT,407.029,209.222,322.979,EXTERNAL_GEO_SEPARATED,8,9,RAW_AND_CSV_RESULT_SUPPORT
USER_ORIGIN_MINI1,2025-08-09,EXT_CONTACT_E_6SPLUS,2025-08-10,1,B_RAW_WINDOW_SUPPORT,B_RAW_WINDOW_SUPPORT,422.374,216.324,321.918,EXTERNAL_CONTACT_KNOWN,9,3,RAW_AND_CSV_RESULT_SUPPORT
USER_ORIGIN_MINI1,2025-08-10,EXT_CONTACT_E_6SPLUS,2025-08-10,0,B_RAW_WINDOW_SUPPORT,B_RAW_WINDOW_SUPPORT,419.215,216.324,321.128,EXTERNAL_CONTACT_KNOWN,9,3,RAW_AND_CSV_RESULT_SUPPORT
USER_ORIGIN_MINI1,2025-08-07,EXT_CONTACT_E_6SPLUS,2025-08-10,3,B_RAW_WINDOW_SUPPORT,B_RAW_WINDOW_SUPPORT,418.6,216.324,320.974,EXTERNAL_CONTACT_KNOWN,9,3,RAW_AND_CSV_RESULT_SUPPORT
USER_ORIGIN_MINI1,2025-08-08,EXT_CONTACT_E_6SPLUS,2025-08-10,2,B_RAW_WINDOW_SUPPORT,B_RAW_WINDOW_SUPPORT,407.029,216.324,318.081,EXTERNAL_CONTACT_KNOWN,9,3,RAW_AND_CSV_RESULT_SUPPORT
USER_ORIGIN_MINI1,2025-08-02,EXT_NO_CONTACT_A,2025-08-03,1,B_RAW_WINDOW_SUPPORT,B_RAW_WINDOW_SUPPORT,420.325,199.714,316.795,EXTERNAL_CRITICAL_NO_DIRECT_CONTACT,8,0,RAW_ONLY
USER_ORIGIN_MINI1,2025-08-09,EXT_CONTACT_E_6SPLUS,2025-08-09,0,B_RAW_WINDOW_SUPPORT,B_RAW_WINDOW_SUPPORT,422.374,207.286,312.88,EXTERNAL_CONTACT_KNOWN,9,1,RAW_AND_CSV_RESULT_SUPPORT
USER_ORIGIN_MINI1,2025-08-07,EXT_CONTACT_E_6SPLUS,2025-08-09,2,B_RAW_WINDOW_SUPPORT,B_RAW_WINDOW_SUPPORT,418.6,207.286,311.936,EXTERNAL_CONTACT_KNOWN,9,1,RAW_AND_CSV_RESULT_SUPPORT
USER_ORIGIN_MINI1,2025-08-03,EXT_NO_CONTACT_A,2025-08-03,0,B_RAW_WINDOW_SUPPORT,B_RAW_WINDOW_SUPPORT,400.553,199.714,311.852,EXTERNAL_CRITICAL_NO_DIRECT_CONTACT,8,0,RAW_ONLY
USER_ORIGIN_MINI1,2025-08-01,EXT_NO_CONTACT_A,2025-08-03,2,B_RAW_WINDOW_SUPPORT,B_RAW_WINDOW_SUPPORT,400.317,199.714,311.793,EXTERNAL_CRITICAL_NO_DIRECT_CONTACT,8,0,RAW_ONLY
USER_ORIGIN_MINI1,2025-08-08,EXT_CONTACT_E_6SPLUS,2025-08-09,1,B_RAW_WINDOW_SUPPORT,B_RAW_WINDOW_SUPPORT,407.029,207.286,309.043,EXTERNAL_CONTACT_KNOWN,9,1,RAW_AND_CSV_RESULT_SUPPORT
USER_ORIGIN_MINI1,2025-08-06,EXT_REMOTE_GEO_C,2025-08-09,3,B_RAW_WINDOW_SUPPORT,B_RAW_WINDOW_SUPPORT,317.748,213.447,304.884,EXTERNAL_GEO_SEPARATED,8,9,RAW_AND_CSV_RESULT_SUPPORT
USER_ORIGIN_MINI1,2025-08-06,EXT_CONTACT_E_6SPLUS,2025-08-09,3,B_RAW_WINDOW_SUPPORT,B_RAW_WINDOW_SUPPORT,317.748,207.286,286.723,EXTERNAL_CONTACT_KNOWN,9,1,RAW_AND_CSV_RESULT_SUPPORT
USER_ORIGIN_MINI1,2025-08-04,EXT_CONTACT_E_6SPLUS,2025-08-05,1,A_CROSS_CORE_0804,D_WEAK_OR_GENERIC,420.684,178.481,283.652,EXTERNAL_CONTACT_KNOWN,8,1,RAW_AND_CSV_RESULT_SUPPORT
USER_ORIGIN_MINI1,2025-08-02,EXT_CONTACT_E_6SPLUS,2025-08-05,3,B_RAW_WINDOW_SUPPORT,D_WEAK_OR_GENERIC,420.325,178.481,283.562,EXTERNAL_CONTACT_KNOWN,8,1,RAW_AND_CSV_RESULT_SUPPORT
USER_ORIGIN_MINI1,2025-08-05,EXT_CONTACT_E_6SPLUS,2025-08-05,0,B_RAW_WINDOW_SUPPORT,D_WEAK_OR_GENERIC,410.032,178.481,280.989,EXTERNAL_CONTACT_KNOWN,8,1,RAW_AND_CSV_RESULT_SUPPORT
USER_ORIGIN_MINI1,2025-08-04,EXT_CONTACT_E_6SPLUS,2025-08-07,3,A_CROSS_CORE_0804,D_WEAK_OR_GENERIC,420.684,174.15,279.321,EXTERNAL_CONTACT_KNOWN,7,1,RAW_AND_CSV_RESULT_SUPPORT
USER_ORIGIN_MINI1,2025-08-07,EXT_CONTACT_E_6SPLUS,2025-08-07,0,B_RAW_WINDOW_SUPPORT,D_WEAK_OR_GENERIC,418.6,174.15,278.8,EXTERNAL_CONTACT_KNOWN,7,1,RAW_AND_CSV_RESULT_SUPPORT
USER_ORIGIN_MINI1,2025-08-03,EXT_CONTACT_E_6SPLUS,2025-08-05,2,B_RAW_WINDOW_SUPPORT,D_WEAK_OR_GENERIC,400.553,178.481,278.619,EXTERNAL_CONTACT_KNOWN,8,1,RAW_AND_CSV_RESULT_SUPPORT
USER_ORIGIN_MINI1,2025-08-05,EXT_CONTACT_E_6SPLUS,2025-08-07,2,B_RAW_WINDOW_SUPPORT,D_WEAK_OR_GENERIC,410.032,174.15,276.658,EXTERNAL_CONTACT_KNOWN,7,1,RAW_AND_CSV_RESULT_SUPPORT
USER_ORIGIN_MINI1,2025-08-06,EXT_CONTACT_E_6SPLUS,2025-08-07,1,B_RAW_WINDOW_SUPPORT,D_WEAK_OR_GENERIC,317.748,174.15,253.587,EXTERNAL_CONTACT_KNOWN,7,1,RAW_AND_CSV_RESULT_SUPPORT
USER_ORIGIN_MINI1,2025-08-07,EXT_CONTACT_E_6SPLUS,2025-08-08,1,B_RAW_WINDOW_SUPPORT,D_WEAK_OR_GENERIC,418.6,127.026,231.676,EXTERNAL_CONTACT_KNOWN,6,1,RAW_AND_CSV_RESULT_SUPPORT
USER_ORIGIN_MINI1,2025-08-05,EXT_CONTACT_E_6SPLUS,2025-08-08,3,B_RAW_WINDOW_SUPPORT,D_WEAK_OR_GENERIC,410.032,127.026,229.534,EXTERNAL_CONTACT_KNOWN,6,1,RAW_AND_CSV_RESULT_SUPPORT
USER_ORIGIN_MINI1,2025-08-08,EXT_CONTACT_E_6SPLUS,2025-08-08,0,B_RAW_WINDOW_SUPPORT,D_WEAK_OR_GENERIC,407.029,127.026,228.783,EXTERNAL_CONTACT_KNOWN,6,1,RAW_AND_CSV_RESULT_SUPPORT
USER_ORIGIN_MINI1,2025-08-02,EXT_CONTACT_E_6SPLUS,2025-08-03,1,B_RAW_WINDOW_SUPPORT,D_WEAK_OR_GENERIC,420.325,111.937,217.018,EXTERNAL_CONTACT_KNOWN,6,1,RAW_AND_CSV_RESULT_SUPPORT
USER_ORIGIN_MINI1,2025-08-02,EXT_CONTACT_E_6SPLUS,2025-08-02,0,B_RAW_WINDOW_SUPPORT,D_WEAK_OR_GENERIC,420.325,110.495,215.576,EXTERNAL_CONTACT_KNOWN,6,1,RAW_AND_CSV_RESULT_SUPPORT
USER_ORIGIN_MINI1,2025-08-03,EXT_CONTACT_E_6SPLUS,2025-08-03,0,B_RAW_WINDOW_SUPPORT,D_WEAK_OR_GENERIC,400.553,111.937,212.075,EXTERNAL_CONTACT_KNOWN,6,1,RAW_AND_CSV_RESULT_SUPPORT
USER_ORIGIN_MINI1,2025-08-01,EXT_CONTACT_E_6SPLUS,2025-08-03,2,B_RAW_WINDOW_SUPPORT,D_WEAK_OR_GENERIC,400.317,111.937,212.016,EXTERNAL_CONTACT_KNOWN,6,1,RAW_AND_CSV_RESULT_SUPPORT
USER_ORIGIN_MINI1,2025-08-01,EXT_CONTACT_E_6SPLUS,2025-08-02,1,B_RAW_WINDOW_SUPPORT,D_WEAK_OR_GENERIC,400.317,110.495,210.574,EXTERNAL_CONTACT_KNOWN,6,1,RAW_AND_CSV_RESULT_SUPPORT
USER_ORIGIN_MINI1,2025-08-06,EXT_CONTACT_E_6SPLUS,2025-08-08,2,B_RAW_WINDOW_SUPPORT,D_WEAK_OR_GENERIC,317.748,127.026,206.463,EXTERNAL_CONTACT_KNOWN,6,1,RAW_AND_CSV_RESULT_SUPPORT
USER_ORIGIN_MINI1,2025-08-01,EXT_CONTACT_E_6SPLUS,2025-08-01,0,B_RAW_WINDOW_SUPPORT,D_WEAK_OR_GENERIC,400.317,90.951,191.03,EXTERNAL_CONTACT_KNOWN,6,1,RAW_AND_CSV_RESULT_SUPPORT
